STATE,STATENAME,ST_CASE,VE_TOTAL,VE_FORMS,PVH_INVL,PEDS,PERSONS,PERMVIT,PERNOTMVIT,COUNTY,COUNTYNAME,CITY,CITYNAME,DAY,DAYNAME,MONTH,MONTHNAME,YEAR,DAY_WEEK,DAY_WEEKNAME,HOUR,HOURNAME,MINUTE,MINUTENAME,NHS,NHSNAME,ROUTE,ROUTENAME,TWAY_ID,TWAY_ID2,RUR_URB,RUR_URBNAME,FUNC_SYS,FUNC_SYSNAME,RD_OWNER,RD_OWNERNAME,MILEPT,MILEPTNAME,LATITUDE,LATITUDENAME,LONGITUD,LONGITUDNAME,SP_JUR,SP_JURNAME,HARM_EV,HARM_EVNAME,MAN_COLL,MAN_COLLNAME,RELJCT1,RELJCT1NAME,RELJCT2,RELJCT2NAME,TYP_INT,TYP_INTNAME,WRK_ZONE,WRK_ZONENAME,REL_ROAD,REL_ROADNAME,LGT_COND,LGT_CONDNAME,WEATHER1,WEATHER1NAME,WEATHER2,WEATHER2NAME,WEATHER,WEATHERNAME,SCH_BUS,SCH_BUSNAME,RAIL,RAILNAME,NOT_HOUR,NOT_HOURNAME,NOT_MIN,NOT_MINNAME,ARR_HOUR,ARR_HOURNAME,ARR_MIN,ARR_MINNAME,HOSP_HR,HOSP_HRNAME,HOSP_MN,HOSP_MNNAME,CF1,CF1NAME,CF2,CF2NAME,CF3,CF3NAME,FATALS,DRUNK_DR
41,Oregon,410108,1,1,0,0,1,1,0,39,LANE (39),0,NOT APPLICABLE,24,24,5,May,2018,5,Thursday,99,Unknown Hours,99,Unknown Minutes,0,This section IS NOT on the NHS,3,State Highway,SR-126 ODOT 15,,2,Urban,4,Minor Arterial,1,State Highway Agency,210,210,44.12221667,44.12221667,-122.634575,-122.634575,0,No Special Jurisdiction,3,Immersion or Partial Immersion,0,Not a Collision with Motor Vehicle In-Transport,0,No,1,Non-Junction,1,Not an Intersection,0,,5,Outside Trafficway,9,Reported as Unknown,98,Not Reported,0,No Additional Atmospheric Conditions,98,Not Reported,0,No,0000000,Not Applicable,99,Unknown,99,Unknown,99,Unknown EMS Scene Arrival Hour,99,Unknown EMS Scene Arrival Minutes,88,Not Applicable (Not Transported),88,Not Applicable (Not Transported),0,,0,,0,,1,0
41,Oregon,410109,2,2,0,0,2,2,0,33,JOSEPHINE (33),0,NOT APPLICABLE,31,31,5,May,2018,5,Thursday,8,8:00am-8:59am,45,45,1,This section IS ON the NHS,2,U.S. Highway,US-199 ODOT 25,,1,Rural,3,Principal Arterial - Other,1,State Highway Agency,51,51,42.41036667,42.41036667,-123.4285528,-123.42855278,0,No Special Jurisdiction,12,Motor Vehicle In-Transport,2,Front-to-Front,0,No,1,Non-Junction,1,Not an Intersection,0,,1,On Roadway,1,Daylight,10,Cloudy,0,No Additional Atmospheric Conditions,10,Cloudy,0,No,0000000,Not Applicable,8,8:00am-8:59am,46,46,8,8:00am-8:59am,55,55,9,9:00am-9:59am,18,18,0,,0,,0,,1,0
41,Oregon,410110,1,1,0,0,1,1,0,19,DOUGLAS (19),0,NOT APPLICABLE,12,12,5,May,2018,7,Saturday,2,2:00am-2:59am,0,0,1,This section IS ON the NHS,3,State Highway,SR-138 ODOT 231,,1,Rural,3,Principal Arterial - Other,1,State Highway Agency,46,46,43.59431111,43.59431111,-123.5723611,-123.57236111,0,No Special Jurisdiction,1,Rollover/Overturn,0,Not a Collision with Motor Vehicle In-Transport,0,No,1,Non-Junction,1,Not an Intersection,0,,4,On Roadside,2,Dark - Not Lighted,1,Clear,0,No Additional Atmospheric Conditions,1,Clear,0,No,0000000,Not Applicable,2,2:00am-2:59am,39,39,2,2:00am-2:59am,55,55,88,Not Applicable (Not Transported),88,Not Applicable (Not Transported),0,,0,,0,,1,0
41,Oregon,410111,2,2,0,0,2,2,0,17,DESCHUTES (17),1720,REDMOND,13,13,1,January,2018,7,Saturday,23,11:00pm-11:59pm,30,30,0,This section IS NOT on the NHS,6,Local Street - Municipality,SW AIRPORT WAY,,2,Urban,4,Minor Arterial,21,Other State Agency,0,,44.24025278,44.24025278,-121.189675,-121.189675,0,No Special Jurisdiction,12,Motor Vehicle In-Transport,2,Front-to-Front,0,No,1,Non-Junction,1,Not an Intersection,0,,1,On Roadway,2,Dark - Not Lighted,1,Clear,0,No Additional Atmospheric Conditions,1,Clear,0,No,0000000,Not Applicable,23,11:00pm-11:59pm,30,30,23,11:00pm-11:59pm,38,38,88,Not Applicable (Not Transported),88,Not Applicable (Not Transported),0,,0,,0,,1,0
41,Oregon,410112,1,1,0,0,1,1,0,19,DOUGLAS (19),0,NOT APPLICABLE,2,2,2,February,2018,6,Friday,23,11:00pm-11:59pm,57,57,0,This section IS NOT on the NHS,3,State Highway,SR-138 ODOT 138,,1,Rural,4,Minor Arterial,1,State Highway Agency,160,160,43.29603056,43.29603056,-123.1053972,-123.10539722,0,No Special Jurisdiction,34,Ditch,0,Not a Collision with Motor Vehicle In-Transport,0,No,1,Non-Junction,1,Not an Intersection,0,,4,On Roadside,2,Dark - Not Lighted,1,Clear,0,No Additional Atmospheric Conditions,1,Clear,0,No,0000000,Not Applicable,23,11:00pm-11:59pm,57,57,0,0:00am-0:59am,13,13,88,Not Applicable (Not Transported),88,Not Applicable (Not Transported),0,,0,,0,,1,1
41,Oregon,410113,3,3,0,0,3,3,0,33,JOSEPHINE (33),0,NOT APPLICABLE,8,8,2,February,2018,5,Thursday,15,3:00pm-3:59pm,27,27,1,This section IS ON the NHS,2,U.S. Highway,US-199 ODOT 25,,1,Rural,3,Principal Arterial - Other,1,State Highway Agency,248,248,42.14261667,42.14261667,-123.6580417,-123.65804167,0,No Special Jurisdiction,12,Motor Vehicle In-Transport,2,Front-to-Front,0,No,1,Non-Junction,1,Not an Intersection,0,,1,On Roadway,1,Daylight,10,Cloudy,0,No Additional Atmospheric Conditions,10,Cloudy,0,No,0000000,Not Applicable,15,3:00pm-3:59pm,27,27,15,3:00pm-3:59pm,35,35,99,Unknown,99,Unknown EMS Hospital Arrival Time,0,,0,,0,,1,0
41,Oregon,410114,4,4,0,0,8,8,0,39,LANE (39),0,NOT APPLICABLE,18,18,3,March,2018,1,Sunday,11,11:00am-11:59am,0,0,1,This section IS ON the NHS,2,U.S. Highway,US-101 ODOT 9,,1,Rural,3,Principal Arterial - Other,1,State Highway Agency,1741,1741,44.18618889,44.18618889,-124.1151944,-124.11519444,0,No Special Jurisdiction,12,Motor Vehicle In-Transport,8,Sideswipe - Opposite Direction,0,No,1,Non-Junction,1,Not an Intersection,0,,1,On Roadway,1,Daylight,10,Cloudy,0,No Additional Atmospheric Conditions,10,Cloudy,0,No,0000000,Not Applicable,11,11:00am-11:59am,10,10,11,11:00am-11:59am,31,31,12,12:00pm-12:59pm,8,8,14,"Motor Vehicle struck by falling cargo,or something that came loose from or something that was set in motion by a vehicle",0,,0,,1,0
41,Oregon,410115,1,1,0,1,2,2,1,41,LINCOLN (41),0,NOT APPLICABLE,10,10,4,April,2018,3,Tuesday,20,8:00pm-8:59pm,26,26,1,This section IS ON the NHS,2,U.S. Highway,US-101 ODOT 9,,2,Urban,3,Principal Arterial - Other,1,State Highway Agency,1120,1120,45.00284722,45.00284722,-123.9855667,-123.98556667,0,No Special Jurisdiction,8,Pedestrian,0,Not a Collision with Motor Vehicle In-Transport,0,No,1,Non-Junction,1,Not an Intersection,0,,1,On Roadway,2,Dark - Not Lighted,10,Cloudy,0,No Additional Atmospheric Conditions,10,Cloudy,0,No,0000000,Not Applicable,99,Unknown,99,Unknown,99,Unknown EMS Scene Arrival Hour,99,Unknown EMS Scene Arrival Minutes,88,Not Applicable (Not Transported),88,Not Applicable (Not Transported),0,,0,,0,,1,0
41,Oregon,410116,1,1,0,0,1,1,0,33,JOSEPHINE (33),0,NOT APPLICABLE,13,13,4,April,2018,6,Friday,14,2:00pm-2:59pm,40,40,0,This section IS NOT on the NHS,3,State Highway,SR-260 ODOT 260,,1,Rural,4,Minor Arterial,1,State Highway Agency,132,132,42.49272778,42.49272778,-123.4895444,-123.48954444,0,No Special Jurisdiction,42,Tree (Standing Only),0,Not a Collision with Motor Vehicle In-Transport,0,No,1,Non-Junction,1,Not an Intersection,0,,4,On Roadside,1,Daylight,10,Cloudy,0,No Additional Atmospheric Conditions,10,Cloudy,0,No,0000000,Not Applicable,14,2:00pm-2:59pm,42,42,15,3:00pm-3:59pm,1,1,88,Not Applicable (Not Transported),88,Not Applicable (Not Transported),0,,0,,0,,1,0
41,Oregon,410117,2,2,0,0,4,4,0,17,DESCHUTES (17),0,NOT APPLICABLE,15,15,4,April,2018,1,Sunday,17,5:00pm-5:59pm,49,49,1,This section IS ON the NHS,2,U.S. Highway,US-20 ODOT 7,CR-HAMBY RD,2,Urban,3,Principal Arterial - Other,1,State Highway Agency,35,35,44.05536389,44.05536389,-121.2434611,-121.24346111,0,No Special Jurisdiction,12,Motor Vehicle In-Transport,6,Angle,0,No,2,Intersection,3,T-Intersection,0,,1,On Roadway,1,Daylight,2,Rain,0,No Additional Atmospheric Conditions,2,Rain,0,No,0000000,Not Applicable,17,5:00pm-5:59pm,49,49,17,5:00pm-5:59pm,59,59,18,6:00pm-6:59pm,6,6,0,,0,,0,,1,0
41,Oregon,410118,1,1,0,0,1,1,0,33,JOSEPHINE (33),0,NOT APPLICABLE,4,4,5,May,2018,6,Friday,18,6:00pm-6:59pm,53,53,0,This section IS NOT on the NHS,4,County Road,CR-LEONARD RD,,2,Urban,5,Major Collector,2,County Highway Agency,50,50,42.42755,42.42755,-123.4178528,-123.41785278,0,No Special Jurisdiction,42,Tree (Standing Only),0,Not a Collision with Motor Vehicle In-Transport,0,No,1,Non-Junction,1,Not an Intersection,0,,4,On Roadside,1,Daylight,1,Clear,0,No Additional Atmospheric Conditions,1,Clear,0,No,0000000,Not Applicable,18,6:00pm-6:59pm,53,53,18,6:00pm-6:59pm,59,59,88,Not Applicable (Not Transported),88,Not Applicable (Not Transported),0,,0,,0,,1,1
41,Oregon,410119,2,2,0,0,2,2,0,53,POLK (53),0,NOT APPLICABLE,13,13,5,May,2018,1,Sunday,16,4:00pm-4:59pm,26,26,0,This section IS NOT on the NHS,3,State Highway,SR-223 ODOT 189,,2,Urban,3,Principal Arterial - Other,1,State Highway Agency,8,8,44.94768889,44.94768889,-123.2899167,-123.28991667,0,No Special Jurisdiction,12,Motor Vehicle In-Transport,6,Angle,0,No,8,Driveway Access Related,1,Not an Intersection,0,,1,On Roadway,1,Daylight,1,Clear,0,No Additional Atmospheric Conditions,1,Clear,0,No,0000000,Not Applicable,16,4:00pm-4:59pm,27,27,16,4:00pm-4:59pm,34,34,17,5:00pm-5:59pm,3,3,0,,0,,0,,1,0
41,Oregon,410120,2,2,0,0,3,3,0,7,CLATSOP (7),0,NOT APPLICABLE,29,29,5,May,2018,3,Tuesday,17,5:00pm-5:59pm,32,32,1,This section IS ON the NHS,2,U.S. Highway,US-101 ODOT 9,,1,Rural,3,Principal Arterial - Other,1,State Highway Agency,150,150,46.07503056,46.07503056,-123.9169861,-123.91698611,0,No Special Jurisdiction,12,Motor Vehicle In-Transport,2,Front-to-Front,0,No,1,Non-Junction,1,Not an Intersection,0,,1,On Roadway,1,Daylight,10,Cloudy,0,No Additional Atmospheric Conditions,10,Cloudy,0,No,0000000,Not Applicable,17,5:00pm-5:59pm,32,32,17,5:00pm-5:59pm,36,36,18,6:00pm-6:59pm,11,11,0,,0,,0,,1,1
41,Oregon,410121,1,1,0,0,1,1,0,29,JACKSON (29),0,NOT APPLICABLE,30,30,5,May,2018,4,Wednesday,1,1:00am-1:59am,54,54,1,This section IS ON the NHS,1,Interstate,I-5,,2,Urban,1,Interstate,1,State Highway Agency,353,353,42.40340833,42.40340833,-122.9374444,-122.93744444,0,No Special Jurisdiction,1,Rollover/Overturn,0,Not a Collision with Motor Vehicle In-Transport,0,No,1,Non-Junction,1,Not an Intersection,0,,4,On Roadside,2,Dark - Not Lighted,1,Clear,0,No Additional Atmospheric Conditions,1,Clear,0,No,0000000,Not Applicable,1,1:00am-1:59am,57,57,2,2:00am-2:59am,6,6,88,Not Applicable (Not Transported),88,Not Applicable (Not Transported),0,,0,,0,,1,1
41,Oregon,410122,1,1,0,0,2,2,0,11,COOS (11),0,NOT APPLICABLE,18,18,5,May,2018,6,Friday,21,9:00pm-9:59pm,40,40,1,This section IS ON the NHS,2,U.S. Highway,US-101 ODOT 9,,2,Urban,3,Principal Arterial - Other,1,State Highway Agency,2394,2394,43.35488611,43.35488611,-124.2013361,-124.20133611,0,No Special Jurisdiction,19,Building,0,Not a Collision with Motor Vehicle In-Transport,0,No,1,Non-Junction,1,Not an Intersection,0,,5,Outside Trafficway,3,Dark - Lighted,1,Clear,0,No Additional Atmospheric Conditions,1,Clear,0,No,0000000,Not Applicable,21,9:00pm-9:59pm,41,41,21,9:00pm-9:59pm,43,43,99,Unknown,99,Unknown EMS Hospital Arrival Time,0,,0,,0,,1,0
41,Oregon,410123,2,2,0,0,2,2,0,39,LANE (39),1960,SPRINGFIELD,18,18,5,May,2018,6,Friday,17,5:00pm-5:59pm,11,11,0,This section IS NOT on the NHS,6,Local Street - Municipality,GATEWAY ST,,2,Urban,4,Minor Arterial,4,City or Municipal Highway Agency,0,,44.07146667,44.07146667,-123.0423,-123.0423,0,No Special Jurisdiction,12,Motor Vehicle In-Transport,2,Front-to-Front,0,No,8,Driveway Access Related,1,Not an Intersection,0,,1,On Roadway,1,Daylight,1,Clear,0,No Additional Atmospheric Conditions,1,Clear,0,No,0000000,Not Applicable,17,5:00pm-5:59pm,11,11,17,5:00pm-5:59pm,15,15,17,5:00pm-5:59pm,23,23,0,,0,,0,,1,1
41,Oregon,410124,1,1,0,0,1,1,0,37,LAKE (37),0,NOT APPLICABLE,29,29,5,May,2018,3,Tuesday,13,1:00pm-1:59pm,10,10,1,This section IS ON the NHS,2,U.S. Highway,US-395 ODOT 19,,1,Rural,3,Principal Arterial - Other,1,State Highway Agency,1515,1515,42.08021111,42.08021111,-120.3176639,-120.31766389,0,No Special Jurisdiction,1,Rollover/Overturn,0,Not a Collision with Motor Vehicle In-Transport,0,No,1,Non-Junction,1,Not an Intersection,0,,1,On Roadway,1,Daylight,1,Clear,0,No Additional Atmospheric Conditions,1,Clear,0,No,0000000,Not Applicable,13,1:00pm-1:59pm,13,13,13,1:00pm-1:59pm,32,32,88,Not Applicable (Not Transported),88,Not Applicable (Not Transported),0,,0,,0,,1,0
41,Oregon,410125,1,1,0,0,2,2,0,3,BENTON (3),20,ALBANY,5,5,6,June,2018,3,Tuesday,2,2:00am-2:59am,52,52,0,This section IS NOT on the NHS,6,Local Street - Municipality,CASCADE HEIGHTS DR NW,,2,Urban,7,Local,4,City or Municipal Highway Agency,0,,44.65845556,44.65845556,-123.1128472,-123.11284722,0,No Special Jurisdiction,39,Wall,0,Not a Collision with Motor Vehicle In-Transport,0,No,1,Non-Junction,1,Not an Intersection,0,,5,Outside Trafficway,3,Dark - Lighted,1,Clear,0,No Additional Atmospheric Conditions,1,Clear,0,No,0000000,Not Applicable,2,2:00am-2:59am,51,51,2,2:00am-2:59am,59,59,3,3:00am-3:59am,21,21,0,,0,,0,,1,1
41,Oregon,410126,1,1,0,0,1,1,0,39,LANE (39),0,NOT APPLICABLE,1,1,6,June,2018,6,Friday,19,7:00pm-7:59pm,52,52,1,This section IS ON the NHS,3,State Highway,SR-126 ODOT 62,,1,Rural,3,Principal Arterial - Other,1,State Highway Agency,334,334,44.03783056,44.03783056,-123.55075,-123.55075,0,No Special Jurisdiction,43,Other Fixed Object,0,Not a Collision with Motor Vehicle In-Transport,0,No,1,Non-Junction,1,Not an Intersection,0,,4,On Roadside,1,Daylight,98,Not Reported,0,No Additional Atmospheric Conditions,98,Not Reported,0,No,0000000,Not Applicable,19,7:00pm-7:59pm,58,58,20,8:00pm-8:59pm,8,8,88,Not Applicable (Not Transported),88,Not Applicable (Not Transported),0,,0,,0,,1,1
41,Oregon,410127,2,2,0,0,2,2,0,41,LINCOLN (41),0,NOT APPLICABLE,2,2,6,June,2018,7,Saturday,6,6:00am-6:59am,13,13,1,This section IS ON the NHS,3,State Highway,SR-34 ODOT 27,,1,Rural,3,Principal Arterial - Other,1,State Highway Agency,75,75,44.39727222,44.39727222,-123.9345167,-123.93451667,0,No Special Jurisdiction,12,Motor Vehicle In-Transport,2,Front-to-Front,0,No,1,Non-Junction,1,Not an Intersection,0,,1,On Roadway,4,Dawn,1,Clear,0,No Additional Atmospheric Conditions,1,Clear,0,No,0000000,Not Applicable,6,6:00am-6:59am,13,13,6,6:00am-6:59am,22,22,88,Not Applicable (Not Transported),88,Not Applicable (Not Transported),0,,0,,0,,1,0
41,Oregon,410128,2,2,0,0,2,2,0,65,WASCO (65),0,NOT APPLICABLE,2,2,6,June,2018,7,Saturday,18,6:00pm-6:59pm,30,30,1,This section IS ON the NHS,2,U.S. Highway,US-26 ODOT 53,,1,Rural,3,Principal Arterial - Other,1,State Highway Agency,800,800,45.03375833,45.03375833,-121.511,-121.511,0,No Special Jurisdiction,11,Live Animal,0,Not a Collision with Motor Vehicle In-Transport,0,No,1,Non-Junction,1,Not an Intersection,0,,1,On Roadway,1,Daylight,1,Clear,0,No Additional Atmospheric Conditions,1,Clear,0,No,0000000,Not Applicable,18,6:00pm-6:59pm,40,40,19,7:00pm-7:59pm,0,0,99,Unknown,99,Unknown EMS Hospital Arrival Time,14,"Motor Vehicle struck by falling cargo,or something that came loose from or something that was set in motion by a vehicle",0,,0,,1,0
41,Oregon,410129,1,1,0,0,1,1,0,1,BAKER (1),0,NOT APPLICABLE,2,2,6,June,2018,7,Saturday,19,7:00pm-7:59pm,58,58,0,This section IS NOT on the NHS,4,County Road,CR-ANTHONY LAKE HWY,,1,Rural,5,Major Collector,2,County Highway Agency,0,,44.96426389,44.96426389,-118.2140139,-118.21401389,1,National Park Service,17,Boulder,0,Not a Collision with Motor Vehicle In-Transport,0,No,1,Non-Junction,1,Not an Intersection,0,,4,On Roadside,1,Daylight,1,Clear,0,No Additional Atmospheric Conditions,1,Clear,0,No,0000000,Not Applicable,20,8:00pm-8:59pm,3,3,99,Unknown EMS Scene Arrival Hour,97,Officially Cancelled,99,Unknown,97,Officially Canceled,0,,0,,0,,1,1
41,Oregon,410130,1,1,0,0,4,4,0,43,LINN (43),0,NOT APPLICABLE,3,3,6,June,2018,1,Sunday,16,4:00pm-4:59pm,40,40,1,This section IS ON the NHS,2,U.S. Highway,US-20 ODOT 16,,1,Rural,3,Principal Arterial - Other,1,State Highway Agency,724,724,44.42891944,44.42891944,-121.9803889,-121.98038889,0,No Special Jurisdiction,42,Tree (Standing Only),0,Not a Collision with Motor Vehicle In-Transport,0,No,1,Non-Junction,1,Not an Intersection,0,,5,Outside Trafficway,1,Daylight,98,Not Reported,0,No Additional Atmospheric Conditions,98,Not Reported,0,No,0000000,Not Applicable,16,4:00pm-4:59pm,56,56,17,5:00pm-5:59pm,29,29,99,Unknown,99,Unknown EMS Hospital Arrival Time,0,,0,,0,,1,1
41,Oregon,410131,1,1,0,0,2,2,0,59,UMATILLA (59),0,NOT APPLICABLE,10,10,6,June,2018,1,Sunday,1,1:00am-1:59am,56,56,0,This section IS NOT on the NHS,3,State Highway,SR-204 ODOT 330,,1,Rural,4,Minor Arterial,1,State Highway Agency,37,37,45.796775,45.796775,-118.3678694,-118.36786944,0,No Special Jurisdiction,1,Rollover/Overturn,0,Not a Collision with Motor Vehicle In-Transport,0,No,1,Non-Junction,1,Not an Intersection,0,,4,On Roadside,2,Dark - Not Lighted,10,Cloudy,0,No Additional Atmospheric Conditions,10,Cloudy,0,No,0000000,Not Applicable,2,2:00am-2:59am,0,0,2,2:00am-2:59am,21,21,99,Unknown,99,Unknown EMS Hospital Arrival Time,0,,0,,0,,1,1
41,Oregon,410132,1,1,0,0,2,2,0,39,LANE (39),660,EUGENE,15,15,6,June,2018,6,Friday,2,2:00am-2:59am,16,16,0,This section IS NOT on the NHS,6,Local Street - Municipality,MARTIN LUTHER KING JR BLVD,,2,Urban,4,Minor Arterial,4,City or Municipal Highway Agency,0,,44.05960278,44.05960278,-123.0632528,-123.06325278,0,No Special Jurisdiction,33,Curb,0,Not a Collision with Motor Vehicle In-Transport,0,No,1,Non-Junction,1,Not an Intersection,0,,4,On Roadside,3,Dark - Lighted,1,Clear,0,No Additional Atmospheric Conditions,1,Clear,0,No,0000000,Not Applicable,2,2:00am-2:59am,31,31,2,2:00am-2:59am,38,38,3,3:00am-3:59am,10,10,0,,0,,0,,1,1
41,Oregon,410133,1,1,0,0,2,2,0,19,DOUGLAS (19),0,NOT APPLICABLE,15,15,6,June,2018,6,Friday,16,4:00pm-4:59pm,12,12,1,This section IS ON the NHS,1,Interstate,I-5,,1,Rural,1,Interstate,1,State Highway Agency,952,952,42.89430556,42.89430556,-123.2380278,-123.23802778,0,No Special Jurisdiction,25,Concrete Traffic Barrier,0,Not a Collision with Motor Vehicle In-Transport,0,No,1,Non-Junction,1,Not an Intersection,0,,3,On Median,1,Daylight,1,Clear,0,No Additional Atmospheric Conditions,1,Clear,0,No,0000000,Not Applicable,16,4:00pm-4:59pm,13,13,99,Unknown EMS Scene Arrival Hour,99,Unknown EMS Scene Arrival Minutes,99,Unknown,99,Unknown EMS Hospital Arrival Time,0,,0,,0,,1,0
41,Oregon,410134,1,1,0,0,2,2,0,33,JOSEPHINE (33),0,NOT APPLICABLE,16,16,6,June,2018,7,Saturday,0,0:00am-0:59am,50,50,0,This section IS NOT on the NHS,4,County Road,CR-GALICE RD,,1,Rural,5,Major Collector,2,County Highway Agency,54,54,42.54277778,42.54277778,-123.5118472,-123.51184722,0,No Special Jurisdiction,39,Wall,0,Not a Collision with Motor Vehicle In-Transport,0,No,1,Non-Junction,1,Not an Intersection,0,,4,On Roadside,2,Dark - Not Lighted,1,Clear,0,No Additional Atmospheric Conditions,1,Clear,0,No,0000000,Not Applicable,0,0:00am-0:59am,50,50,1,1:00am-1:59am,21,21,1,1:00am-1:59am,29,29,0,,0,,0,,1,1
41,Oregon,410135,2,2,0,0,2,2,0,53,POLK (53),0,NOT APPLICABLE,21,21,6,June,2018,5,Thursday,19,7:00pm-7:59pm,3,3,0,This section IS NOT on the NHS,3,State Highway,SR-221 ODOT 150,,1,Rural,4,Minor Arterial,1,State Highway Agency,126,126,45.05283056,45.05283056,-123.0827833,-123.08278333,0,No Special Jurisdiction,12,Motor Vehicle In-Transport,2,Front-to-Front,0,No,1,Non-Junction,1,Not an Intersection,0,,1,On Roadway,1,Daylight,2,Rain,0,No Additional Atmospheric Conditions,2,Rain,0,No,0000000,Not Applicable,19,7:00pm-7:59pm,5,5,19,7:00pm-7:59pm,12,12,99,Unknown,99,Unknown EMS Hospital Arrival Time,0,,0,,0,,1,0
41,Oregon,410136,2,2,0,0,2,2,0,57,TILLAMOOK (57),0,NOT APPLICABLE,22,22,6,June,2018,6,Friday,7,7:00am-7:59am,45,45,1,This section IS ON the NHS,2,U.S. Highway,US-101 ODOT 9,,1,Rural,3,Principal Arterial - Other,1,State Highway Agency,767,767,45.32196667,45.32196667,-123.8394389,-123.83943889,0,No Special Jurisdiction,12,Motor Vehicle In-Transport,2,Front-to-Front,0,No,1,Non-Junction,1,Not an Intersection,0,,1,On Roadway,1,Daylight,10,Cloudy,0,No Additional Atmospheric Conditions,10,Cloudy,0,No,0000000,Not Applicable,7,7:00am-7:59am,46,46,7,7:00am-7:59am,50,50,99,Unknown,99,Unknown EMS Hospital Arrival Time,0,,0,,0,,1,0
41,Oregon,410137,1,1,0,0,1,1,0,29,JACKSON (29),0,NOT APPLICABLE,23,23,6,June,2018,7,Saturday,21,9:00pm-9:59pm,8,8,0,This section IS NOT on the NHS,3,State Highway,SR-234 ODOT 271,,2,Urban,4,Minor Arterial,1,State Highway Agency,10,10,42.43575,42.43575,-123.0730944,-123.07309444,0,No Special Jurisdiction,1,Rollover/Overturn,0,Not a Collision with Motor Vehicle In-Transport,0,No,1,Non-Junction,1,Not an Intersection,0,,4,On Roadside,5,Dusk,1,Clear,0,No Additional Atmospheric Conditions,1,Clear,0,No,0000000,Not Applicable,21,9:00pm-9:59pm,8,8,21,9:00pm-9:59pm,19,19,88,Not Applicable (Not Transported),88,Not Applicable (Not Transported),0,,0,,0,,1,1
41,Oregon,410138,1,1,0,0,1,1,0,49,MORROW (49),0,NOT APPLICABLE,24,24,6,June,2018,1,Sunday,14,2:00pm-2:59pm,18,18,0,This section IS NOT on the NHS,3,State Highway,SR-74 ODOT 52,,1,Rural,4,Minor Arterial,1,State Highway Agency,223,223,45.52861667,45.52861667,-119.921925,-119.921925,0,No Special Jurisdiction,24,Guardrail Face,0,Not a Collision with Motor Vehicle In-Transport,0,No,1,Non-Junction,1,Not an Intersection,0,,4,On Roadside,1,Daylight,1,Clear,0,No Additional Atmospheric Conditions,1,Clear,0,No,0000000,Not Applicable,14,2:00pm-2:59pm,18,18,14,2:00pm-2:59pm,31,31,88,Not Applicable (Not Transported),88,Not Applicable (Not Transported),0,,0,,0,,1,0
41,Oregon,410139,1,1,0,0,3,3,0,3,BENTON (3),0,NOT APPLICABLE,24,24,6,June,2018,1,Sunday,23,11:00pm-11:59pm,0,0,0,This section IS NOT on the NHS,4,County Road,CR-MARYS RIVER ESTATES RD,,1,Rural,7,Local,2,County Highway Agency,10,10,44.56323611,44.56323611,-123.3963194,-123.39631944,0,No Special Jurisdiction,42,Tree (Standing Only),0,Not a Collision with Motor Vehicle In-Transport,0,No,1,Non-Junction,1,Not an Intersection,0,,4,On Roadside,2,Dark - Not Lighted,1,Clear,0,No Additional Atmospheric Conditions,1,Clear,0,No,0000000,Not Applicable,23,11:00pm-11:59pm,2,2,23,11:00pm-11:59pm,9,9,99,Unknown,99,Unknown EMS Hospital Arrival Time,0,,0,,0,,1,1
41,Oregon,410140,2,1,1,0,1,1,0,51,MULTNOMAH (51),1650,PORTLAND,25,25,6,June,2018,2,Monday,1,1:00am-1:59am,5,5,0,This section IS NOT on the NHS,6,Local Street - Municipality,NE TOMAHAWK ISLAND DR,,2,Urban,7,Local,4,City or Municipal Highway Agency,0,,45.60425,45.60425,-122.6616833,-122.66168333,0,No Special Jurisdiction,14,Parked Motor Vehicle,0,Not a Collision with Motor Vehicle In-Transport,0,No,1,Non-Junction,1,Not an Intersection,0,,2,On Shoulder,3,Dark - Lighted,10,Cloudy,0,No Additional Atmospheric Conditions,10,Cloudy,0,No,0000000,Not Applicable,1,1:00am-1:59am,7,7,1,1:00am-1:59am,18,18,1,1:00am-1:59am,43,43,0,,0,,0,,1,1
41,Oregon,410141,1,1,0,0,1,1,0,39,LANE (39),0,NOT APPLICABLE,25,25,6,June,2018,2,Monday,18,6:00pm-6:59pm,2,2,0,This section IS NOT on the NHS,4,County Road,CR-VAUGHN RD,,1,Rural,5,Major Collector,2,County Highway Agency,86,86,43.99098611,43.99098611,-123.3590083,-123.35900833,0,No Special Jurisdiction,42,Tree (Standing Only),0,Not a Collision with Motor Vehicle In-Transport,0,No,1,Non-Junction,1,Not an Intersection,0,,5,Outside Trafficway,1,Daylight,1,Clear,0,No Additional Atmospheric Conditions,1,Clear,0,No,0000000,Not Applicable,18,6:00pm-6:59pm,2,2,18,6:00pm-6:59pm,15,15,88,Not Applicable (Not Transported),88,Not Applicable (Not Transported),0,,0,,0,,1,1
41,Oregon,410142,2,2,0,0,2,2,0,39,LANE (39),0,NOT APPLICABLE,25,25,6,June,2018,2,Monday,1,1:00am-1:59am,55,55,1,This section IS ON the NHS,1,Interstate,I-5,,1,Rural,3,Principal Arterial - Other,1,State Highway Agency,2018,2018,44.17400833,44.17400833,-123.0603806,-123.06038056,0,No Special Jurisdiction,12,Motor Vehicle In-Transport,1,Front-to-Rear,0,No,1,Non-Junction,1,Not an Intersection,0,,1,On Roadway,2,Dark - Not Lighted,1,Clear,0,No Additional Atmospheric Conditions,1,Clear,0,No,0000000,Not Applicable,1,1:00am-1:59am,55,55,1,1:00am-1:59am,59,59,99,Unknown,99,Unknown EMS Hospital Arrival Time,26,Backup Due to Prior Non-Recurring Incident,0,,0,,1,1