STATE,STATENAME,ST_CASE,VE_TOTAL,VE_FORMS,PVH_INVL,PEDS,PERSONS,PERMVIT,PERNOTMVIT,COUNTY,COUNTYNAME,CITY,CITYNAME,DAY,DAYNAME,MONTH,MONTHNAME,YEAR,DAY_WEEK,DAY_WEEKNAME,HOUR,HOURNAME,MINUTE,MINUTENAME,NHS,NHSNAME,ROUTE,ROUTENAME,TWAY_ID,TWAY_ID2,RUR_URB,RUR_URBNAME,FUNC_SYS,FUNC_SYSNAME,RD_OWNER,RD_OWNERNAME,MILEPT,MILEPTNAME,LATITUDE,LATITUDENAME,LONGITUD,LONGITUDNAME,SP_JUR,SP_JURNAME,HARM_EV,HARM_EVNAME,MAN_COLL,MAN_COLLNAME,RELJCT1,RELJCT1NAME,RELJCT2,RELJCT2NAME,TYP_INT,TYP_INTNAME,WRK_ZONE,WRK_ZONENAME,REL_ROAD,REL_ROADNAME,LGT_COND,LGT_CONDNAME,WEATHER1,WEATHER1NAME,WEATHER2,WEATHER2NAME,WEATHER,WEATHERNAME,SCH_BUS,SCH_BUSNAME,RAIL,RAILNAME,NOT_HOUR,NOT_HOURNAME,NOT_MIN,NOT_MINNAME,ARR_HOUR,ARR_HOURNAME,ARR_MIN,ARR_MINNAME,HOSP_HR,HOSP_HRNAME,HOSP_MN,HOSP_MNNAME,CF1,CF1NAME,CF2,CF2NAME,CF3,CF3NAME,FATALS,DRUNK_DR
41,Oregon,410178,2,2,0,0,8,8,0,25,HARNEY (25),0,NOT APPLICABLE,13,13,8,August,2018,2,Monday,9,9:00am-9:59am,55,55,0,This section IS NOT on the NHS,3,State Highway,SR-78 ODOT 442,,1,Rural,4,Minor Arterial,1,State Highway Agency,301,301,43.39161111,43.39161111,-118.589325,-118.589325,0,No Special Jurisdiction,12,Motor Vehicle In-Transport,2,Front-to-Front,0,No,1,Non-Junction,1,Not an Intersection,0,,1,On Roadway,1,Daylight,1,Clear,0,No Additional Atmospheric Conditions,1,Clear,0,No,0000000,Not Applicable,10,10:00am-10:59am,0,0,10,10:00am-10:59am,25,25,88,Not Applicable (Not Transported),88,Not Applicable (Not Transported),0,,0,,0,,8,0
41,Oregon,410179,1,1,0,0,3,3,0,31,JEFFERSON (31),0,NOT APPLICABLE,10,10,8,August,2018,6,Friday,10,10:00am-10:59am,20,20,0,This section IS NOT on the NHS,8,Other,CR-TENINO RD,,1,Rural,7,Local,50,Indian Tribe Nation,90,90,44.74712778,44.74712778,-121.2946,-121.2946,3,Indian Reservation,42,Tree (Standing Only),0,Not a Collision with Motor Vehicle In-Transport,0,No,1,Non-Junction,1,Not an Intersection,0,,4,On Roadside,1,Daylight,1,Clear,0,No Additional Atmospheric Conditions,1,Clear,0,No,0000000,Not Applicable,10,10:00am-10:59am,30,30,10,10:00am-10:59am,52,52,11,11:00am-11:59am,23,23,0,,0,,0,,2,1
41,Oregon,410180,1,1,0,0,1,1,0,43,LINN (43),0,NOT APPLICABLE,12,12,8,August,2018,1,Sunday,11,11:00am-11:59am,34,34,1,This section IS ON the NHS,2,U.S. Highway,US-20 ODOT 16,,1,Rural,3,Principal Arterial - Other,1,State Highway Agency,340,340,44.40123611,44.40123611,-122.5912611,-122.59126111,0,No Special Jurisdiction,24,Guardrail Face,0,Not a Collision with Motor Vehicle In-Transport,0,No,1,Non-Junction,1,Not an Intersection,0,,4,On Roadside,1,Daylight,1,Clear,0,No Additional Atmospheric Conditions,1,Clear,0,No,0000000,Not Applicable,11,11:00am-11:59am,35,35,11,11:00am-11:59am,45,45,88,Not Applicable (Not Transported),88,Not Applicable (Not Transported),0,,0,,0,,1,0
41,Oregon,410181,1,1,0,0,1,1,0,33,JOSEPHINE (33),0,NOT APPLICABLE,21,21,8,August,2018,3,Tuesday,2,2:00am-2:59am,10,10,0,This section IS NOT on the NHS,3,State Highway,SR-260 ODOT 260,,1,Rural,4,Minor Arterial,1,State Highway Agency,105,105,42.47309722,42.47309722,-123.464475,-123.464475,0,No Special Jurisdiction,11,Live Animal,0,Not a Collision with Motor Vehicle In-Transport,0,No,1,Non-Junction,1,Not an Intersection,0,,1,On Roadway,2,Dark - Not Lighted,1,Clear,0,No Additional Atmospheric Conditions,1,Clear,0,No,0000000,Not Applicable,2,2:00am-2:59am,15,15,2,2:00am-2:59am,25,25,88,Not Applicable (Not Transported),88,Not Applicable (Not Transported),0,,0,,0,,1,1
41,Oregon,410182,1,1,0,0,2,2,0,11,COOS (11),0,NOT APPLICABLE,27,27,8,August,2018,2,Monday,0,0:00am-0:59am,51,51,0,This section IS NOT on the NHS,4,County Road,CR-NORTH LAKE RD,CR-N 9TH ST,1,Rural,5,Major Collector,2,County Highway Agency,0,,43.57586667,43.57586667,-124.1740222,-124.17402222,0,No Special Jurisdiction,34,Ditch,0,Not a Collision with Motor Vehicle In-Transport,0,No,3,Intersection-Related,3,T-Intersection,0,,4,On Roadside,3,Dark - Lighted,2,Rain,0,No Additional Atmospheric Conditions,2,Rain,0,No,0000000,Not Applicable,0,0:00am-0:59am,52,52,0,0:00am-0:59am,58,58,88,Not Applicable (Not Transported),88,Not Applicable (Not Transported),0,,0,,0,,1,1
41,Oregon,410183,3,3,0,0,3,3,0,51,MULTNOMAH (51),1650,PORTLAND,28,28,8,August,2018,3,Tuesday,9,9:00am-9:59am,48,48,0,This section IS NOT on the NHS,6,Local Street - Municipality,NE MARINE DR,NE 122ND AVE,2,Urban,4,Minor Arterial,4,City or Municipal Highway Agency,0,,45.56776667,45.56776667,-122.53195,-122.53195,0,No Special Jurisdiction,12,Motor Vehicle In-Transport,6,Angle,0,No,2,Intersection,3,T-Intersection,0,,1,On Roadway,1,Daylight,1,Clear,0,No Additional Atmospheric Conditions,1,Clear,0,No,0000000,Not Applicable,99,Unknown,99,Unknown,99,Unknown EMS Scene Arrival Hour,99,Unknown EMS Scene Arrival Minutes,88,Not Applicable (Not Transported),88,Not Applicable (Not Transported),0,,0,,0,,1,0
41,Oregon,410184,3,3,0,0,3,3,0,39,LANE (39),0,NOT APPLICABLE,5,5,9,September,2018,4,Wednesday,14,2:00pm-2:59pm,20,20,0,This section IS NOT on the NHS,3,State Highway,SR-126 ODOT 15,CR-DEERHORN RD,2,Urban,4,Minor Arterial,1,State Highway Agency,110,110,44.06880833,44.06880833,-122.8031944,-122.80319444,0,No Special Jurisdiction,12,Motor Vehicle In-Transport,6,Angle,0,No,2,Intersection,3,T-Intersection,0,,1,On Roadway,1,Daylight,1,Clear,0,No Additional Atmospheric Conditions,1,Clear,0,No,0000000,Not Applicable,14,2:00pm-2:59pm,22,22,14,2:00pm-2:59pm,30,30,88,Not Applicable (Not Transported),88,Not Applicable (Not Transported),0,,0,,0,,1,0
41,Oregon,410185,1,1,0,0,1,1,0,67,WASHINGTON (67),2065,TIGARD,5,5,9,September,2018,4,Wednesday,20,8:00pm-8:59pm,44,44,0,This section IS NOT on the NHS,6,Local Street - Municipality,SW BULL MOUNTAIN RD,,2,Urban,4,Minor Arterial,4,City or Municipal Highway Agency,0,,45.41485278,45.41485278,-122.8485056,-122.84850556,0,No Special Jurisdiction,33,Curb,0,Not a Collision with Motor Vehicle In-Transport,0,No,1,Non-Junction,1,Not an Intersection,1,Construction,4,On Roadside,3,Dark - Lighted,98,Not Reported,0,No Additional Atmospheric Conditions,98,Not Reported,0,No,0000000,Not Applicable,20,8:00pm-8:59pm,45,45,20,8:00pm-8:59pm,53,53,21,9:00pm-9:59pm,27,27,0,,0,,0,,1,0
41,Oregon,410186,1,1,0,0,1,1,0,13,CROOK (13),1700,PRINEVILLE,6,6,9,September,2018,5,Thursday,10,10:00am-10:59am,41,41,1,This section IS ON the NHS,3,State Highway,SR-126 ODOT 41,,2,Urban,3,Principal Arterial - Other,1,State Highway Agency,168,168,44.29797778,44.29797778,-120.8708861,-120.87088611,0,No Special Jurisdiction,17,Boulder,0,Not a Collision with Motor Vehicle In-Transport,0,No,1,Non-Junction,1,Not an Intersection,0,,4,On Roadside,1,Daylight,1,Clear,0,No Additional Atmospheric Conditions,1,Clear,0,No,0000000,Not Applicable,10,10:00am-10:59am,41,41,10,10:00am-10:59am,45,45,88,Not Applicable (Not Transported),88,Not Applicable (Not Transported),0,,0,,0,,1,0
41,Oregon,410187,1,1,0,0,1,1,0,71,YAMHILL (71),0,NOT APPLICABLE,7,7,9,September,2018,6,Friday,16,4:00pm-4:59pm,55,55,1,This section IS ON the NHS,3,State Highway,SR-22 ODOT 32,,1,Rural,3,Principal Arterial - Other,1,State Highway Agency,200,200,45.08007778,45.08007778,-123.6330306,-123.63303056,0,No Special Jurisdiction,41,Shrubbery,0,Not a Collision with Motor Vehicle In-Transport,0,No,1,Non-Junction,1,Not an Intersection,0,,4,On Roadside,1,Daylight,1,Clear,0,No Additional Atmospheric Conditions,1,Clear,0,No,0000000,Not Applicable,16,4:00pm-4:59pm,55,55,17,5:00pm-5:59pm,9,9,88,Not Applicable (Not Transported),88,Not Applicable (Not Transported),0,,0,,0,,1,0
41,Oregon,410188,2,2,0,0,5,5,0,57,TILLAMOOK (57),0,NOT APPLICABLE,10,10,6,June,2018,1,Sunday,15,3:00pm-3:59pm,17,17,0,This section IS NOT on the NHS,3,State Highway,SR-6 ODOT 37,,1,Rural,4,Minor Arterial,1,State Highway Agency,239,239,45.59099722,45.59099722,-123.5278417,-123.52784167,0,No Special Jurisdiction,12,Motor Vehicle In-Transport,2,Front-to-Front,0,No,1,Non-Junction,1,Not an Intersection,0,,1,On Roadway,1,Daylight,2,Rain,0,No Additional Atmospheric Conditions,2,Rain,0,No,0000000,Not Applicable,15,3:00pm-3:59pm,17,17,15,3:00pm-3:59pm,42,42,99,Unknown,99,Unknown EMS Hospital Arrival Time,0,,0,,0,,2,0
41,Oregon,410189,2,2,0,0,3,3,0,51,MULTNOMAH (51),1650,PORTLAND,15,15,8,August,2018,4,Wednesday,14,2:00pm-2:59pm,2,2,1,This section IS ON the NHS,2,U.S. Highway,US-30 ODOT 92,US-30B ODOT 123,2,Urban,3,Principal Arterial - Other,1,State Highway Agency,73,73,45.58767778,45.58767778,-122.773725,-122.773725,0,No Special Jurisdiction,12,Motor Vehicle In-Transport,6,Angle,0,No,2,Intersection,3,T-Intersection,0,,1,On Roadway,1,Daylight,1,Clear,0,No Additional Atmospheric Conditions,1,Clear,0,No,0000000,Not Applicable,14,2:00pm-2:59pm,3,3,14,2:00pm-2:59pm,8,8,88,Not Applicable (Not Transported),88,Not Applicable (Not Transported),0,,0,,0,,1,0
41,Oregon,410190,2,2,0,0,2,2,0,43,LINN (43),0,NOT APPLICABLE,19,19,6,June,2018,3,Tuesday,12,12:00pm-12:59pm,31,31,0,This section IS NOT on the NHS,4,County Road,CR-DEVER-CONNER RD,I-5 RAMP,1,Rural,5,Major Collector,2,County Highway Agency,1,1,44.72267222,44.72267222,-123.0563583,-123.05635833,0,No Special Jurisdiction,12,Motor Vehicle In-Transport,2,Front-to-Front,0,No,2,Intersection,3,T-Intersection,0,,1,On Roadway,1,Daylight,1,Clear,0,No Additional Atmospheric Conditions,1,Clear,0,No,0000000,Not Applicable,12,12:00pm-12:59pm,31,31,12,12:00pm-12:59pm,40,40,88,Not Applicable (Not Transported),88,Not Applicable (Not Transported),0,,0,,0,,1,0
41,Oregon,410191,2,2,0,0,3,3,0,47,MARION (47),1810,SALEM,19,19,8,August,2018,1,Sunday,0,0:00am-0:59am,21,21,1,This section IS ON the NHS,3,State Highway,SR-22 ODOT 162,I-5 RAMP,2,Urban,3,Principal Arterial - Other,1,State Highway Agency,12,12,44.91634444,44.91634444,-122.9912083,-122.99120833,0,No Special Jurisdiction,12,Motor Vehicle In-Transport,6,Angle,0,No,2,Intersection,3,T-Intersection,0,,1,On Roadway,3,Dark - Lighted,98,Not Reported,0,No Additional Atmospheric Conditions,98,Not Reported,0,No,0000000,Not Applicable,0,0:00am-0:59am,22,22,0,0:00am-0:59am,27,27,0,0:00am-0:59am,41,41,0,,0,,0,,2,1
41,Oregon,410192,1,1,0,0,1,1,0,65,WASCO (65),0,NOT APPLICABLE,12,12,9,September,2018,4,Wednesday,1,1:00am-1:59am,41,41,1,This section IS ON the NHS,1,Interstate,I-84,,1,Rural,3,Principal Arterial - Other,1,State Highway Agency,745,745,45.69457222,45.69457222,-121.3093278,-121.30932778,0,No Special Jurisdiction,39,Wall,0,Not a Collision with Motor Vehicle In-Transport,0,No,1,Non-Junction,1,Not an Intersection,0,,4,On Roadside,2,Dark - Not Lighted,1,Clear,0,No Additional Atmospheric Conditions,1,Clear,0,No,0000000,Not Applicable,1,1:00am-1:59am,52,52,2,2:00am-2:59am,5,5,88,Not Applicable (Not Transported),88,Not Applicable (Not Transported),0,,0,,0,,1,0
41,Oregon,410193,1,1,0,0,1,1,0,37,LAKE (37),0,NOT APPLICABLE,25,25,9,September,2018,3,Tuesday,12,12:00pm-12:59pm,50,50,0,This section IS NOT on the NHS,3,State Highway,SR-140 ODOT 270,,1,Rural,5,Major Collector,1,State Highway Agency,391,391,42.10828889,42.10828889,-119.7427194,-119.74271944,0,No Special Jurisdiction,34,Ditch,0,Not a Collision with Motor Vehicle In-Transport,0,No,1,Non-Junction,1,Not an Intersection,0,,4,On Roadside,1,Daylight,1,Clear,0,No Additional Atmospheric Conditions,1,Clear,0,No,0000000,Not Applicable,13,1:00pm-1:59pm,2,2,14,2:00pm-2:59pm,10,10,88,Not Applicable (Not Transported),88,Not Applicable (Not Transported),0,,0,,0,,1,0
41,Oregon,410194,2,2,0,0,3,3,0,1,BAKER (1),0,NOT APPLICABLE,26,26,9,September,2018,4,Wednesday,10,10:00am-10:59am,13,13,1,This section IS ON the NHS,1,Interstate,I-84,,1,Rural,1,Interstate,1,State Highway Agency,3015,3015,44.82001389,44.82001389,-117.8149806,-117.81498056,0,No Special Jurisdiction,12,Motor Vehicle In-Transport,6,Angle,0,No,1,Non-Junction,1,Not an Intersection,0,,1,On Roadway,1,Daylight,1,Clear,0,No Additional Atmospheric Conditions,1,Clear,0,No,0000000,Not Applicable,10,10:00am-10:59am,15,15,10,10:00am-10:59am,26,26,10,10:00am-10:59am,40,40,0,,0,,0,,2,0
41,Oregon,410195,3,3,0,0,3,3,0,45,MALHEUR (45),0,NOT APPLICABLE,8,8,8,August,2018,4,Wednesday,11,11:00am-11:59am,44,44,0,This section IS NOT on the NHS,3,State Highway,SR-201 ODOT 455,,1,Rural,4,Minor Arterial,1,State Highway Agency,200,200,44.11628333,44.11628333,-116.9473139,-116.94731389,0,No Special Jurisdiction,12,Motor Vehicle In-Transport,2,Front-to-Front,0,No,1,Non-Junction,1,Not an Intersection,0,,1,On Roadway,1,Daylight,1,Clear,0,No Additional Atmospheric Conditions,1,Clear,0,No,0000000,Not Applicable,11,11:00am-11:59am,43,43,11,11:00am-11:59am,54,54,12,12:00pm-12:59pm,21,21,0,,0,,0,,1,0
41,Oregon,410196,1,1,0,0,1,1,0,59,UMATILLA (59),0,NOT APPLICABLE,3,3,9,September,2018,2,Monday,14,2:00pm-2:59pm,56,56,1,This section IS ON the NHS,2,U.S. Highway,US-395 ODOT 19,,1,Rural,3,Principal Arterial - Other,1,State Highway Agency,531,531,45.08506389,45.08506389,-118.9814222,-118.98142222,0,No Special Jurisdiction,1,Rollover/Overturn,0,Not a Collision with Motor Vehicle In-Transport,0,No,1,Non-Junction,1,Not an Intersection,0,,4,On Roadside,1,Daylight,1,Clear,0,No Additional Atmospheric Conditions,1,Clear,0,No,0000000,Not Applicable,12,12:00pm-12:59pm,56,56,13,1:00pm-1:59pm,22,22,88,Not Applicable (Not Transported),88,Not Applicable (Not Transported),0,,0,,0,,1,0
41,Oregon,410197,1,1,0,1,1,1,1,53,POLK (53),1390,MONMOUTH,7,7,9,September,2018,6,Friday,5,5:00am-5:59am,45,45,1,This section IS ON the NHS,3,State Highway,SR-51 ODOT 43,,2,Urban,3,Principal Arterial - Other,1,State Highway Agency,3,3,44.85122778,44.85122778,-123.2159917,-123.21599167,0,No Special Jurisdiction,8,Pedestrian,0,Not a Collision with Motor Vehicle In-Transport,0,No,1,Non-Junction,1,Not an Intersection,0,,1,On Roadway,4,Dawn,1,Clear,0,No Additional Atmospheric Conditions,1,Clear,0,No,0000000,Not Applicable,6,6:00am-6:59am,37,37,6,6:00am-6:59am,42,42,7,7:00am-7:59am,13,13,0,,0,,0,,1,0
41,Oregon,410198,1,1,0,0,1,1,0,27,HOOD RIVER (27),0,NOT APPLICABLE,8,8,9,September,2018,7,Saturday,1,1:00am-1:59am,49,49,0,This section IS NOT on the NHS,3,State Highway,SR-281 ODOT 281,CR-BLACKBURN DR,1,Rural,4,Minor Arterial,1,State Highway Agency,45,45,45.66061667,45.66061667,-121.5440361,-121.54403611,0,No Special Jurisdiction,35,Embankment,0,Not a Collision with Motor Vehicle In-Transport,0,No,3,Intersection-Related,3,T-Intersection,0,,4,On Roadside,2,Dark - Not Lighted,1,Clear,0,No Additional Atmospheric Conditions,1,Clear,0,No,0000000,Not Applicable,1,1:00am-1:59am,49,49,1,1:00am-1:59am,58,58,88,Not Applicable (Not Transported),88,Not Applicable (Not Transported),0,,0,,0,,1,1
41,Oregon,410199,2,2,0,0,2,2,0,17,DESCHUTES (17),0,NOT APPLICABLE,14,14,9,September,2018,6,Friday,16,4:00pm-4:59pm,30,30,1,This section IS ON the NHS,2,U.S. Highway,US-97 ODOT 4,,2,Urban,3,Principal Arterial - Other,1,State Highway Agency,1166,1166,44.33908056,44.33908056,-121.1779139,-121.17791389,0,No Special Jurisdiction,1,Rollover/Overturn,0,Not a Collision with Motor Vehicle In-Transport,0,No,1,Non-Junction,1,Not an Intersection,0,,1,On Roadway,1,Daylight,10,Cloudy,0,No Additional Atmospheric Conditions,10,Cloudy,0,No,0000000,Not Applicable,16,4:00pm-4:59pm,35,35,16,4:00pm-4:59pm,40,40,99,Unknown,99,Unknown EMS Hospital Arrival Time,0,,0,,0,,1,1
41,Oregon,410200,2,2,0,0,4,4,0,71,YAMHILL (71),0,NOT APPLICABLE,15,15,9,September,2018,7,Saturday,13,1:00pm-1:59pm,3,3,1,This section IS ON the NHS,3,State Highway,SR-18 ODOT 39,,2,Urban,3,Principal Arterial - Other,1,State Highway Agency,480,480,45.20088611,45.20088611,-123.1390056,-123.13900556,0,No Special Jurisdiction,12,Motor Vehicle In-Transport,2,Front-to-Front,0,No,1,Non-Junction,1,Not an Intersection,0,,1,On Roadway,1,Daylight,10,Cloudy,0,No Additional Atmospheric Conditions,10,Cloudy,0,No,0000000,Not Applicable,13,1:00pm-1:59pm,4,4,13,1:00pm-1:59pm,11,11,13,1:00pm-1:59pm,23,23,0,,0,,0,,3,0
41,Oregon,410201,2,2,0,0,4,4,0,71,YAMHILL (71),0,NOT APPLICABLE,19,19,9,September,2018,4,Wednesday,8,8:00am-8:59am,15,15,0,This section IS NOT on the NHS,3,State Highway,SR-99 ODOT 91,CR-MINERAL SPRINGS RD,2,Urban,4,Minor Arterial,1,State Highway Agency,329,329,45.24581389,45.24581389,-123.1218333,-123.12183333,0,No Special Jurisdiction,12,Motor Vehicle In-Transport,2,Front-to-Front,0,No,2,Intersection,3,T-Intersection,0,,1,On Roadway,1,Daylight,1,Clear,0,No Additional Atmospheric Conditions,1,Clear,0,No,0000000,Not Applicable,8,8:00am-8:59am,16,16,8,8:00am-8:59am,23,23,99,Unknown,99,Unknown EMS Hospital Arrival Time,0,,0,,0,,1,0
41,Oregon,410202,2,2,0,0,2,2,0,69,WHEELER (69),0,NOT APPLICABLE,26,26,9,September,2018,4,Wednesday,12,12:00pm-12:59pm,45,45,0,This section IS NOT on the NHS,3,State Highway,SR-207 ODOT 321,,1,Rural,4,Minor Arterial,1,State Highway Agency,275,275,44.83275,44.83275,-119.7484139,-119.74841389,0,No Special Jurisdiction,1,Rollover/Overturn,0,Not a Collision with Motor Vehicle In-Transport,0,No,1,Non-Junction,1,Not an Intersection,0,,1,On Roadway,1,Daylight,1,Clear,0,No Additional Atmospheric Conditions,1,Clear,0,No,0000000,Not Applicable,13,1:00pm-1:59pm,4,4,13,1:00pm-1:59pm,49,49,88,Not Applicable (Not Transported),88,Not Applicable (Not Transported),0,,0,,0,,1,1
41,Oregon,410203,1,1,0,0,2,2,0,29,JACKSON (29),0,NOT APPLICABLE,30,30,9,September,2018,1,Sunday,22,10:00pm-10:59pm,42,42,0,This section IS NOT on the NHS,4,County Road,CR-KIRTLAND RD,,2,Urban,4,Minor Arterial,2,County Highway Agency,0,,42.431575,42.431575,-122.9139278,-122.91392778,0,No Special Jurisdiction,34,Ditch,0,Not a Collision with Motor Vehicle In-Transport,0,No,1,Non-Junction,1,Not an Intersection,0,,4,On Roadside,2,Dark - Not Lighted,1,Clear,0,No Additional Atmospheric Conditions,1,Clear,0,No,0000000,Not Applicable,22,10:00pm-10:59pm,43,43,22,10:00pm-10:59pm,51,51,99,Unknown,99,Unknown EMS Hospital Arrival Time,0,,0,,0,,1,1
41,Oregon,410204,2,2,0,0,2,2,0,45,MALHEUR (45),0,NOT APPLICABLE,2,2,6,June,2018,7,Saturday,12,12:00pm-12:59pm,17,17,1,This section IS ON the NHS,2,U.S. Highway,US-95 ODOT 456,,1,Rural,3,Principal Arterial - Other,1,State Highway Agency,590,590,42.87828611,42.87828611,-117.3922139,-117.39221389,0,No Special Jurisdiction,12,Motor Vehicle In-Transport,6,Angle,0,No,1,Non-Junction,1,Not an Intersection,0,,1,On Roadway,1,Daylight,1,Clear,0,No Additional Atmospheric Conditions,1,Clear,0,No,0000000,Not Applicable,12,12:00pm-12:59pm,19,19,13,1:00pm-1:59pm,17,17,99,Unknown,99,Unknown EMS Hospital Arrival Time,0,,0,,0,,1,0
41,Oregon,410205,1,1,0,0,1,1,0,47,MARION (47),0,NOT APPLICABLE,12,12,6,June,2018,3,Tuesday,17,5:00pm-5:59pm,20,20,0,This section IS NOT on the NHS,4,County Road,CR-CONTINENTAL DR SE,,1,Rural,4,Minor Arterial,2,County Highway Agency,0,,44.81025556,44.81025556,-123.0048139,-123.00481389,0,No Special Jurisdiction,38,Fence,0,Not a Collision with Motor Vehicle In-Transport,0,No,1,Non-Junction,1,Not an Intersection,0,,5,Outside Trafficway,1,Daylight,1,Clear,0,No Additional Atmospheric Conditions,1,Clear,0,No,0000000,Not Applicable,17,5:00pm-5:59pm,20,20,17,5:00pm-5:59pm,30,30,88,Not Applicable (Not Transported),88,Not Applicable (Not Transported),0,,0,,0,,1,0
41,Oregon,410206,1,1,0,1,1,1,1,29,JACKSON (29),1770,ROGUE RIVER,13,13,6,June,2018,4,Wednesday,10,10:00am-10:59am,54,54,0,This section IS NOT on the NHS,6,Local Street - Municipality,WEST MAIN ST,,2,Urban,4,Minor Arterial,4,City or Municipal Highway Agency,0,,42.43407222,42.43407222,-123.1700417,-123.17004167,0,No Special Jurisdiction,8,Pedestrian,0,Not a Collision with Motor Vehicle In-Transport,0,No,1,Non-Junction,1,Not an Intersection,0,,1,On Roadway,1,Daylight,1,Clear,0,No Additional Atmospheric Conditions,1,Clear,0,No,0000000,Not Applicable,10,10:00am-10:59am,59,59,11,11:00am-11:59am,6,6,11,11:00am-11:59am,37,37,0,,0,,0,,1,0
41,Oregon,410207,1,1,0,0,1,1,0,31,JEFFERSON (31),0,NOT APPLICABLE,24,24,6,June,2018,1,Sunday,3,3:00am-3:59am,54,54,1,This section IS ON the NHS,2,U.S. Highway,US-26 ODOT 53,,1,Rural,3,Principal Arterial - Other,1,State Highway Agency,1010,1010,44.779,44.779,-121.29585,-121.29585,0,No Special Jurisdiction,35,Embankment,0,Not a Collision with Motor Vehicle In-Transport,0,No,1,Non-Junction,1,Not an Intersection,0,,4,On Roadside,2,Dark - Not Lighted,1,Clear,0,No Additional Atmospheric Conditions,1,Clear,0,No,0000000,Not Applicable,99,Unknown,99,Unknown,99,Unknown EMS Scene Arrival Hour,99,Unknown EMS Scene Arrival Minutes,88,Not Applicable (Not Transported),88,Not Applicable (Not Transported),0,,0,,0,,1,0
41,Oregon,410208,2,2,0,0,2,2,0,43,LINN (43),0,NOT APPLICABLE,4,4,7,July,2018,4,Wednesday,16,4:00pm-4:59pm,15,15,0,This section IS NOT on the NHS,4,County Road,CR-KINGWOOD AVE,,1,Rural,5,Major Collector,2,County Highway Agency,22,22,44.74461667,44.74461667,-122.4326778,-122.43267778,0,No Special Jurisdiction,12,Motor Vehicle In-Transport,2,Front-to-Front,0,No,1,Non-Junction,1,Not an Intersection,0,,1,On Roadway,1,Daylight,10,Cloudy,0,No Additional Atmospheric Conditions,10,Cloudy,0,No,0000000,Not Applicable,16,4:00pm-4:59pm,14,14,16,4:00pm-4:59pm,20,20,88,Not Applicable (Not Transported),88,Not Applicable (Not Transported),0,,0,,0,,1,1
41,Oregon,410209,2,2,0,0,2,2,0,47,MARION (47),0,NOT APPLICABLE,12,12,7,July,2018,5,Thursday,17,5:00pm-5:59pm,27,27,0,This section IS NOT on the NHS,3,State Highway,SR-219 ODOT 140,,1,Rural,4,Minor Arterial,1,State Highway Agency,331,331,45.16563056,45.16563056,-122.9458833,-122.94588333,0,No Special Jurisdiction,12,Motor Vehicle In-Transport,6,Angle,0,No,1,Non-Junction,1,Not an Intersection,0,,1,On Roadway,1,Daylight,1,Clear,0,No Additional Atmospheric Conditions,1,Clear,0,No,0000000,Not Applicable,17,5:00pm-5:59pm,28,28,17,5:00pm-5:59pm,36,36,88,Not Applicable (Not Transported),88,Not Applicable (Not Transported),0,,0,,0,,1,0
41,Oregon,410210,1,1,0,0,1,1,0,59,UMATILLA (59),0,NOT APPLICABLE,22,22,7,July,2018,1,Sunday,3,3:00am-3:59am,25,25,0,This section IS NOT on the NHS,3,State Highway,SR-11 ODOT 8,,1,Rural,4,Minor Arterial,1,State Highway Agency,17,17,45.68825556,45.68825556,-118.7184944,-118.71849444,0,No Special Jurisdiction,30,Utility Pole/Light Support,0,Not a Collision with Motor Vehicle In-Transport,0,No,1,Non-Junction,1,Not an Intersection,0,,4,On Roadside,2,Dark - Not Lighted,1,Clear,0,No Additional Atmospheric Conditions,1,Clear,0,No,0000000,Not Applicable,3,3:00am-3:59am,26,26,3,3:00am-3:59am,34,34,88,Not Applicable (Not Transported),88,Not Applicable (Not Transported),0,,0,,0,,1,1
41,Oregon,410211,2,2,0,0,4,4,0,1,BAKER (1),0,NOT APPLICABLE,12,12,8,August,2018,1,Sunday,20,8:00pm-8:59pm,9,9,1,This section IS ON the NHS,1,Interstate,I-84,,1,Rural,1,Interstate,1,State Highway Agency,3075,3075,44.71935278,44.71935278,-117.7629139,-117.76291389,0,No Special Jurisdiction,12,Motor Vehicle In-Transport,1,Front-to-Rear,0,No,1,Non-Junction,1,Not an Intersection,0,,1,On Roadway,5,Dusk,1,Clear,0,No Additional Atmospheric Conditions,1,Clear,0,No,0000000,Not Applicable,20,8:00pm-8:59pm,9,9,20,8:00pm-8:59pm,16,16,20,8:00pm-8:59pm,39,39,0,,0,,0,,1,0
41,Oregon,410212,2,2,0,0,2,2,0,67,WASHINGTON (67),1000,HILLSBORO,13,13,8,August,2018,2,Monday,8,8:00am-8:59am,18,18,0,This section IS NOT on the NHS,6,Local Street - Municipality,NE BROOKWOOD PKWY,US-26 RAMP,2,Urban,4,Minor Arterial,4,City or Municipal Highway Agency,0,,45.56312778,45.56312778,-122.9262111,-122.92621111,0,No Special Jurisdiction,12,Motor Vehicle In-Transport,6,Angle,1,Yes,2,Intersection,2,Four-Way Intersection,0,,1,On Roadway,1,Daylight,98,Not Reported,0,No Additional Atmospheric Conditions,98,Not Reported,0,No,0000000,Not Applicable,99,Unknown,99,Unknown,99,Unknown EMS Scene Arrival Hour,99,Unknown EMS Scene Arrival Minutes,88,Not Applicable (Not Transported),88,Not Applicable (Not Transported),0,,0,,0,,1,0