STATE,STATENAME,ST_CASE,VE_TOTAL,VE_FORMS,PVH_INVL,PEDS,PERSONS,PERMVIT,PERNOTMVIT,COUNTY,COUNTYNAME,CITY,CITYNAME,DAY,DAYNAME,MONTH,MONTHNAME,YEAR,DAY_WEEK,DAY_WEEKNAME,HOUR,HOURNAME,MINUTE,MINUTENAME,NHS,NHSNAME,ROUTE,ROUTENAME,TWAY_ID,TWAY_ID2,RUR_URB,RUR_URBNAME,FUNC_SYS,FUNC_SYSNAME,RD_OWNER,RD_OWNERNAME,MILEPT,MILEPTNAME,LATITUDE,LATITUDENAME,LONGITUD,LONGITUDNAME,SP_JUR,SP_JURNAME,HARM_EV,HARM_EVNAME,MAN_COLL,MAN_COLLNAME,RELJCT1,RELJCT1NAME,RELJCT2,RELJCT2NAME,TYP_INT,TYP_INTNAME,WRK_ZONE,WRK_ZONENAME,REL_ROAD,REL_ROADNAME,LGT_COND,LGT_CONDNAME,WEATHER1,WEATHER1NAME,WEATHER2,WEATHER2NAME,WEATHER,WEATHERNAME,SCH_BUS,SCH_BUSNAME,RAIL,RAILNAME,NOT_HOUR,NOT_HOURNAME,NOT_MIN,NOT_MINNAME,ARR_HOUR,ARR_HOURNAME,ARR_MIN,ARR_MINNAME,HOSP_HR,HOSP_HRNAME,HOSP_MN,HOSP_MNNAME,CF1,CF1NAME,CF2,CF2NAME,CF3,CF3NAME,FATALS,DRUNK_DR
41,Oregon,410213,1,1,0,0,2,2,0,39,LANE (39),0,NOT APPLICABLE,14,14,8,August,2018,3,Tuesday,1,1:00am-1:59am,59,59,0,This section IS NOT on the NHS,4,County Road,CR-DILLARD RD,,1,Rural,5,Major Collector,2,County Highway Agency,11,11,43.98398333,43.98398333,-123.0611944,-123.06119444,0,No Special Jurisdiction,1,Rollover/Overturn,0,Not a Collision with Motor Vehicle In-Transport,0,No,1,Non-Junction,1,Not an Intersection,0,,4,On Roadside,2,Dark - Not Lighted,1,Clear,0,No Additional Atmospheric Conditions,1,Clear,0,No,0000000,Not Applicable,1,1:00am-1:59am,59,59,2,2:00am-2:59am,8,8,99,Unknown,99,Unknown EMS Hospital Arrival Time,0,,0,,0,,1,1
41,Oregon,410214,2,2,0,0,5,5,0,67,WASHINGTON (67),0,NOT APPLICABLE,23,23,8,August,2018,5,Thursday,22,10:00pm-10:59pm,13,13,1,This section IS ON the NHS,2,U.S. Highway,US-26 ODOT 47,,1,Rural,3,Principal Arterial - Other,1,State Highway Agency,429,429,45.70804167,45.70804167,-123.2313361,-123.23133611,0,No Special Jurisdiction,12,Motor Vehicle In-Transport,2,Front-to-Front,0,No,1,Non-Junction,1,Not an Intersection,0,,1,On Roadway,2,Dark - Not Lighted,1,Clear,0,No Additional Atmospheric Conditions,1,Clear,0,No,0000000,Not Applicable,22,10:00pm-10:59pm,17,17,22,10:00pm-10:59pm,23,23,99,Unknown,99,Unknown EMS Hospital Arrival Time,0,,0,,0,,3,0
41,Oregon,410215,2,2,0,0,11,11,0,7,CLATSOP (7),0,NOT APPLICABLE,1,1,6,June,2018,6,Friday,9,9:00am-9:59am,55,55,1,This section IS ON the NHS,2,U.S. Highway,US-30 ODOT 92,CR-SHINGLE MILL RD,1,Rural,3,Principal Arterial - Other,1,State Highway Agency,757,757,46.169175,46.169175,-123.4565667,-123.45656667,0,No Special Jurisdiction,12,Motor Vehicle In-Transport,6,Angle,1,Yes,2,Intersection,2,Four-Way Intersection,0,,1,On Roadway,1,Daylight,10,Cloudy,0,No Additional Atmospheric Conditions,10,Cloudy,0,No,0000000,Not Applicable,9,9:00am-9:59am,55,55,9,9:00am-9:59am,55,55,99,Unknown,99,Unknown EMS Hospital Arrival Time,0,,0,,0,,4,0
41,Oregon,410216,2,2,0,0,6,6,0,31,JEFFERSON (31),0,NOT APPLICABLE,17,17,8,August,2018,6,Friday,1,1:00am-1:59am,58,58,1,This section IS ON the NHS,2,U.S. Highway,US-97 ODOT 4,,1,Rural,3,Principal Arterial - Other,1,State Highway Agency,797,797,44.75724722,44.75724722,-120.9811611,-120.98116111,0,No Special Jurisdiction,24,Guardrail Face,0,Not a Collision with Motor Vehicle In-Transport,0,No,1,Non-Junction,1,Not an Intersection,0,,4,On Roadside,2,Dark - Not Lighted,1,Clear,0,No Additional Atmospheric Conditions,1,Clear,0,No,0000000,Not Applicable,1,1:00am-1:59am,58,58,2,2:00am-2:59am,18,18,99,Unknown,99,Unknown EMS Hospital Arrival Time,0,,0,,0,,3,0
41,Oregon,410217,3,3,0,0,7,7,0,59,UMATILLA (59),0,NOT APPLICABLE,2,2,9,September,2018,1,Sunday,21,9:00pm-9:59pm,29,29,0,This section IS NOT on the NHS,3,State Highway,SR-11 ODOT 8,,2,Urban,4,Minor Arterial,1,State Highway Agency,335,335,45.9752,45.9752,-118.3872806,-118.38728056,0,No Special Jurisdiction,12,Motor Vehicle In-Transport,1,Front-to-Rear,0,No,1,Non-Junction,1,Not an Intersection,0,,1,On Roadway,3,Dark - Lighted,1,Clear,0,No Additional Atmospheric Conditions,1,Clear,0,No,0000000,Not Applicable,21,9:00pm-9:59pm,30,30,21,9:00pm-9:59pm,34,34,22,10:00pm-10:59pm,7,7,0,,0,,0,,1,1
41,Oregon,410218,1,1,0,1,1,1,1,39,LANE (39),1960,SPRINGFIELD,11,11,9,September,2018,3,Tuesday,15,3:00pm-3:59pm,0,0,0,This section IS NOT on the NHS,6,Local Street - Municipality,MOHAWK BLVD,CENTENNIAL BLVD,2,Urban,5,Major Collector,4,City or Municipal Highway Agency,0,,44.05611111,44.05611111,-123.0024028,-123.00240278,0,No Special Jurisdiction,8,Pedestrian,0,Not a Collision with Motor Vehicle In-Transport,0,No,3,Intersection-Related,2,Four-Way Intersection,0,,1,On Roadway,1,Daylight,10,Cloudy,0,No Additional Atmospheric Conditions,10,Cloudy,0,No,0000000,Not Applicable,15,3:00pm-3:59pm,0,0,15,3:00pm-3:59pm,6,6,15,3:00pm-3:59pm,21,21,0,,0,,0,,1,0
41,Oregon,410219,1,1,0,1,1,1,1,5,CLACKAMAS (5),1380,MOLALLA,11,11,9,September,2018,3,Tuesday,9,9:00am-9:59am,22,22,0,This section IS NOT on the NHS,6,Local Street - Municipality,N MOLALLA AVE,E HEINTZ ST,2,Urban,5,Major Collector,4,City or Municipal Highway Agency,0,,45.15123611,45.15123611,-122.5762833,-122.57628333,0,No Special Jurisdiction,8,Pedestrian,0,Not a Collision with Motor Vehicle In-Transport,0,No,3,Intersection-Related,2,Four-Way Intersection,0,,1,On Roadway,1,Daylight,2,Rain,0,No Additional Atmospheric Conditions,2,Rain,0,No,0000000,Not Applicable,9,9:00am-9:59am,25,25,9,9:00am-9:59am,48,48,10,10:00am-10:59am,16,16,0,,0,,0,,1,0
41,Oregon,410220,2,2,0,0,3,3,0,43,LINN (43),0,NOT APPLICABLE,16,16,9,September,2018,1,Sunday,18,6:00pm-6:59pm,38,38,1,This section IS ON the NHS,2,U.S. Highway,US-20 ODOT 16,,1,Rural,3,Principal Arterial - Other,1,State Highway Agency,755,755,44.43094722,44.43094722,-121.9252389,-121.92523889,0,No Special Jurisdiction,1,Rollover/Overturn,0,Not a Collision with Motor Vehicle In-Transport,0,No,1,Non-Junction,1,Not an Intersection,0,,1,On Roadway,1,Daylight,2,Rain,0,No Additional Atmospheric Conditions,2,Rain,0,No,0000000,Not Applicable,19,7:00pm-7:59pm,4,4,19,7:00pm-7:59pm,9,9,88,Not Applicable (Not Transported),88,Not Applicable (Not Transported),0,,0,,0,,1,0
41,Oregon,410221,1,1,0,0,1,1,0,39,LANE (39),0,NOT APPLICABLE,24,24,9,September,2018,2,Monday,19,7:00pm-7:59pm,6,6,1,This section IS ON the NHS,3,State Highway,SR-126 ODOT 15,,2,Urban,3,Principal Arterial - Other,1,State Highway Agency,109,109,44.055025,44.055025,-122.8385694,-122.83856944,0,No Special Jurisdiction,53,Mail Box,0,Not a Collision with Motor Vehicle In-Transport,0,No,1,Non-Junction,1,Not an Intersection,0,,5,Outside Trafficway,5,Dusk,1,Clear,0,No Additional Atmospheric Conditions,1,Clear,0,No,0000000,Not Applicable,19,7:00pm-7:59pm,6,6,19,7:00pm-7:59pm,10,10,88,Not Applicable (Not Transported),88,Not Applicable (Not Transported),0,,0,,0,,1,0
41,Oregon,410222,2,2,0,0,3,3,0,25,HARNEY (25),0,NOT APPLICABLE,27,27,9,September,2018,5,Thursday,14,2:00pm-2:59pm,39,39,1,This section IS ON the NHS,2,U.S. Highway,US-20 ODOT 7,US-395 ODOT 48,1,Rural,3,Principal Arterial - Other,1,State Highway Agency,1342,1342,43.58603611,43.58603611,-119.0544389,-119.05443889,0,No Special Jurisdiction,12,Motor Vehicle In-Transport,6,Angle,0,No,2,Intersection,2,Four-Way Intersection,0,,1,On Roadway,1,Daylight,1,Clear,0,No Additional Atmospheric Conditions,1,Clear,0,No,0000000,Not Applicable,14,2:00pm-2:59pm,39,39,14,2:00pm-2:59pm,53,53,99,Unknown,99,Unknown EMS Hospital Arrival Time,0,,0,,0,,2,0
41,Oregon,410223,2,2,0,0,4,4,0,35,KLAMATH (35),0,NOT APPLICABLE,2,2,10,October,2018,3,Tuesday,14,2:00pm-2:59pm,14,14,1,This section IS ON the NHS,2,U.S. Highway,US-97 ODOT 4,,1,Rural,3,Principal Arterial - Other,1,State Highway Agency,1880,1880,43.41988611,43.41988611,-121.7175389,-121.71753889,0,No Special Jurisdiction,12,Motor Vehicle In-Transport,6,Angle,0,No,1,Non-Junction,1,Not an Intersection,0,,1,On Roadway,1,Daylight,1,Clear,0,No Additional Atmospheric Conditions,1,Clear,0,No,0000000,Not Applicable,14,2:00pm-2:59pm,15,15,14,2:00pm-2:59pm,27,27,88,Not Applicable (Not Transported),88,Not Applicable (Not Transported),0,,0,,0,,2,0
41,Oregon,410224,2,2,0,0,3,3,0,29,JACKSON (29),0,NOT APPLICABLE,4,4,10,October,2018,5,Thursday,16,4:00pm-4:59pm,58,58,1,This section IS ON the NHS,3,State Highway,SR-140 ODOT 270,,1,Rural,3,Principal Arterial - Other,1,State Highway Agency,146,146,42.51753889,42.51753889,-122.869225,-122.869225,0,No Special Jurisdiction,12,Motor Vehicle In-Transport,2,Front-to-Front,0,No,1,Non-Junction,1,Not an Intersection,0,,1,On Roadway,1,Daylight,1,Clear,0,No Additional Atmospheric Conditions,1,Clear,0,No,0000000,Not Applicable,16,4:00pm-4:59pm,58,58,17,5:00pm-5:59pm,7,7,99,Unknown,99,Unknown EMS Hospital Arrival Time,0,,0,,0,,1,0
41,Oregon,410225,1,1,0,0,2,2,0,39,LANE (39),0,NOT APPLICABLE,6,6,10,October,2018,7,Saturday,18,6:00pm-6:59pm,52,52,1,This section IS ON the NHS,1,Interstate,I-5,,1,Rural,1,Interstate,1,State Highway Agency,1693,1693,43.75065,43.75065,-123.11205,-123.11205,0,No Special Jurisdiction,25,Concrete Traffic Barrier,0,Not a Collision with Motor Vehicle In-Transport,0,No,1,Non-Junction,1,Not an Intersection,0,,3,On Median,5,Dusk,1,Clear,0,No Additional Atmospheric Conditions,1,Clear,0,No,0000000,Not Applicable,18,6:00pm-6:59pm,52,52,19,7:00pm-7:59pm,7,7,99,Unknown,99,Unknown EMS Hospital Arrival Time,0,,0,,0,,1,0
41,Oregon,410226,1,1,0,0,1,1,0,21,GILLIAM (21),0,NOT APPLICABLE,9,9,10,October,2018,3,Tuesday,7,7:00am-7:59am,52,52,0,This section IS NOT on the NHS,4,County Road,CR-LONEROCK RD,,1,Rural,6,Minor Collector,2,County Highway Agency,129,129,45.10399444,45.10399444,-119.9245972,-119.92459722,0,No Special Jurisdiction,35,Embankment,0,Not a Collision with Motor Vehicle In-Transport,0,No,1,Non-Junction,1,Not an Intersection,0,,4,On Roadside,1,Daylight,2,Rain,0,No Additional Atmospheric Conditions,2,Rain,0,No,0000000,Not Applicable,7,7:00am-7:59am,52,52,8,8:00am-8:59am,30,30,88,Not Applicable (Not Transported),88,Not Applicable (Not Transported),0,,0,,0,,1,0
41,Oregon,410227,1,1,0,0,1,1,0,33,JOSEPHINE (33),0,NOT APPLICABLE,14,14,10,October,2018,1,Sunday,18,6:00pm-6:59pm,55,55,0,This section IS NOT on the NHS,4,County Road,CR-GALICE RD,,1,Rural,5,Major Collector,2,County Highway Agency,31,31,42.524375,42.524375,-123.4777639,-123.47776389,0,No Special Jurisdiction,38,Fence,0,Not a Collision with Motor Vehicle In-Transport,0,No,1,Non-Junction,1,Not an Intersection,0,,5,Outside Trafficway,2,Dark - Not Lighted,1,Clear,0,No Additional Atmospheric Conditions,1,Clear,0,No,0000000,Not Applicable,18,6:00pm-6:59pm,59,59,19,7:00pm-7:59pm,5,5,99,Unknown,99,Unknown EMS Hospital Arrival Time,0,,0,,0,,1,1
41,Oregon,410228,2,2,0,0,4,4,0,39,LANE (39),0,NOT APPLICABLE,15,15,10,October,2018,2,Monday,18,6:00pm-6:59pm,37,37,1,This section IS ON the NHS,3,State Highway,SR-99 ODOT 91,,2,Urban,3,Principal Arterial - Other,1,State Highway Agency,1175,1175,44.10673333,44.10673333,-123.1754472,-123.17544722,0,No Special Jurisdiction,12,Motor Vehicle In-Transport,6,Angle,0,No,4,Driveway Access,1,Not an Intersection,0,,1,On Roadway,2,Dark - Not Lighted,1,Clear,0,No Additional Atmospheric Conditions,1,Clear,0,No,0000000,Not Applicable,18,6:00pm-6:59pm,33,33,18,6:00pm-6:59pm,34,34,88,Not Applicable (Not Transported),88,Not Applicable (Not Transported),0,,0,,0,,2,0
41,Oregon,410229,1,1,0,0,1,1,0,61,UNION (61),0,NOT APPLICABLE,16,16,10,October,2018,3,Tuesday,13,1:00pm-1:59pm,3,3,1,This section IS ON the NHS,1,Interstate,I-84,,1,Rural,1,Interstate,1,State Highway Agency,1843,1843,45.04331667,45.04331667,-117.9352139,-117.93521389,0,No Special Jurisdiction,24,Guardrail Face,0,Not a Collision with Motor Vehicle In-Transport,0,No,1,Non-Junction,1,Not an Intersection,0,,3,On Median,1,Daylight,1,Clear,0,No Additional Atmospheric Conditions,1,Clear,0,No,0000000,Not Applicable,13,1:00pm-1:59pm,6,6,13,1:00pm-1:59pm,27,27,88,Not Applicable (Not Transported),88,Not Applicable (Not Transported),0,,0,,0,,1,0
41,Oregon,410230,1,1,0,0,1,1,0,53,POLK (53),0,NOT APPLICABLE,18,18,10,October,2018,5,Thursday,20,8:00pm-8:59pm,28,28,0,This section IS NOT on the NHS,4,County Road,CR-MAXFIELD CREEK RD,,1,Rural,6,Minor Collector,2,County Highway Agency,17,17,44.732775,44.732775,-123.3524667,-123.35246667,0,No Special Jurisdiction,23,Bridge Rail (Includes parapet),0,Not a Collision with Motor Vehicle In-Transport,0,No,1,Non-Junction,1,Not an Intersection,0,,4,On Roadside,2,Dark - Not Lighted,1,Clear,0,No Additional Atmospheric Conditions,1,Clear,0,No,0000000,Not Applicable,20,8:00pm-8:59pm,30,30,20,8:00pm-8:59pm,42,42,88,Not Applicable (Not Transported),88,Not Applicable (Not Transported),0,,0,,0,,1,1
41,Oregon,410231,1,1,0,1,1,1,1,1,BAKER (1),0,NOT APPLICABLE,19,19,10,October,2018,6,Friday,17,5:00pm-5:59pm,9,9,1,This section IS ON the NHS,3,State Highway,SR-86 ODOT 12,,2,Urban,1,Interstate,1,State Highway Agency,3024,3024,44.80332778,44.80332778,-117.8112861,-117.81128611,0,No Special Jurisdiction,8,Pedestrian,0,Not a Collision with Motor Vehicle In-Transport,0,No,1,Non-Junction,1,Not an Intersection,0,,4,On Roadside,1,Daylight,1,Clear,0,No Additional Atmospheric Conditions,1,Clear,0,No,0000000,Not Applicable,17,5:00pm-5:59pm,9,9,17,5:00pm-5:59pm,14,14,88,Not Applicable (Not Transported),88,Not Applicable (Not Transported),23,Indication of a Stalled/Disabled Vehicle,0,,0,,1,1
41,Oregon,410232,2,2,0,0,2,2,0,5,CLACKAMAS (5),0,NOT APPLICABLE,20,20,10,October,2018,7,Saturday,15,3:00pm-3:59pm,42,42,1,This section IS ON the NHS,2,U.S. Highway,US-26 ODOT 26,CR-SE CANYON VALLEY RD,1,Rural,3,Principal Arterial - Other,1,State Highway Agency,266,266,45.38024444,45.38024444,-122.2268944,-122.22689444,0,No Special Jurisdiction,12,Motor Vehicle In-Transport,6,Angle,1,Yes,2,Intersection,3,T-Intersection,0,,1,On Roadway,1,Daylight,1,Clear,0,No Additional Atmospheric Conditions,1,Clear,0,No,0000000,Not Applicable,15,3:00pm-3:59pm,44,44,15,3:00pm-3:59pm,47,47,88,Not Applicable (Not Transported),88,Not Applicable (Not Transported),0,,0,,0,,1,0
41,Oregon,410233,4,1,3,0,1,1,0,39,LANE (39),660,EUGENE,1,1,10,October,2018,2,Monday,12,12:00pm-12:59pm,23,23,0,This section IS NOT on the NHS,6,Local Street - Municipality,WASHINGTON ST,,2,Urban,7,Local,4,City or Municipal Highway Agency,0,,44.0393,44.0393,-123.0998306,-123.09983056,0,No Special Jurisdiction,14,Parked Motor Vehicle,0,Not a Collision with Motor Vehicle In-Transport,0,No,1,Non-Junction,1,Not an Intersection,0,,2,On Shoulder,1,Daylight,1,Clear,0,No Additional Atmospheric Conditions,1,Clear,0,No,0000000,Not Applicable,12,12:00pm-12:59pm,24,24,12,12:00pm-12:59pm,29,29,88,Not Applicable (Not Transported),88,Not Applicable (Not Transported),0,,0,,0,,1,0
41,Oregon,410234,2,2,0,0,2,2,0,51,MULTNOMAH (51),1650,PORTLAND,10,10,10,October,2018,4,Wednesday,14,2:00pm-2:59pm,23,23,0,This section IS NOT on the NHS,6,Local Street - Municipality,NE MARINE DR,,2,Urban,5,Major Collector,4,City or Municipal Highway Agency,0,,45.588075,45.588075,-122.5723167,-122.57231667,0,No Special Jurisdiction,12,Motor Vehicle In-Transport,98,Not Reported,0,No,1,Non-Junction,1,Not an Intersection,0,,1,On Roadway,1,Daylight,1,Clear,0,No Additional Atmospheric Conditions,1,Clear,0,No,0000000,Not Applicable,99,Unknown,99,Unknown,99,Unknown EMS Scene Arrival Hour,99,Unknown EMS Scene Arrival Minutes,88,Not Applicable (Not Transported),88,Not Applicable (Not Transported),0,,0,,0,,1,1
41,Oregon,410235,1,1,0,0,2,2,0,35,KLAMATH (35),0,NOT APPLICABLE,20,20,7,July,2018,6,Friday,20,8:00pm-8:59pm,32,32,0,This section IS NOT on the NHS,4,County Road,CR-ROCKY POINT RD,,1,Rural,3,Principal Arterial - Other,2,County Highway Agency,31,31,42.46858889,42.46858889,-122.1017306,-122.10173056,0,No Special Jurisdiction,1,Rollover/Overturn,0,Not a Collision with Motor Vehicle In-Transport,0,No,1,Non-Junction,1,Not an Intersection,0,,4,On Roadside,5,Dusk,1,Clear,0,No Additional Atmospheric Conditions,1,Clear,0,No,0000000,Not Applicable,20,8:00pm-8:59pm,34,34,20,8:00pm-8:59pm,39,39,21,9:00pm-9:59pm,24,24,0,,0,,0,,1,1
41,Oregon,410236,1,1,0,0,1,1,0,29,JACKSON (29),0,NOT APPLICABLE,21,21,9,September,2018,6,Friday,22,10:00pm-10:59pm,56,56,0,This section IS NOT on the NHS,4,County Road,CR-E EVANS CREEK RD,,2,Urban,5,Major Collector,2,County Highway Agency,271,271,42.47842778,42.47842778,-123.1640694,-123.16406944,0,No Special Jurisdiction,39,Wall,0,Not a Collision with Motor Vehicle In-Transport,0,No,1,Non-Junction,1,Not an Intersection,0,,4,On Roadside,2,Dark - Not Lighted,1,Clear,0,No Additional Atmospheric Conditions,1,Clear,0,No,0000000,Not Applicable,22,10:00pm-10:59pm,57,57,23,11:00pm-11:59pm,4,4,88,Not Applicable (Not Transported),88,Not Applicable (Not Transported),0,,0,,0,,1,1
41,Oregon,410237,1,1,0,1,1,1,1,51,MULTNOMAH (51),1650,PORTLAND,10,10,10,October,2018,4,Wednesday,99,Unknown Hours,99,Unknown Minutes,1,This section IS ON the NHS,6,Local Street - Municipality,SE DIVISION ST,SE 138TH AVE,2,Urban,3,Principal Arterial - Other,4,City or Municipal Highway Agency,0,,45.50411111,45.50411111,-122.5210278,-122.52102778,0,No Special Jurisdiction,8,Pedestrian,0,Not a Collision with Motor Vehicle In-Transport,0,No,3,Intersection-Related,3,T-Intersection,0,,1,On Roadway,2,Dark - Not Lighted,10,Cloudy,0,No Additional Atmospheric Conditions,10,Cloudy,0,No,0000000,Not Applicable,99,Unknown,99,Unknown,99,Unknown EMS Scene Arrival Hour,99,Unknown EMS Scene Arrival Minutes,88,Not Applicable (Not Transported),88,Not Applicable (Not Transported),0,,0,,0,,1,0
41,Oregon,410238,2,2,0,0,7,7,0,11,COOS (11),0,NOT APPLICABLE,20,20,10,October,2018,7,Saturday,15,3:00pm-3:59pm,55,55,1,This section IS ON the NHS,3,State Highway,SR-42 ODOT 35,,1,Rural,3,Principal Arterial - Other,1,State Highway Agency,333,333,43.012175,43.012175,-123.9576528,-123.95765278,0,No Special Jurisdiction,12,Motor Vehicle In-Transport,2,Front-to-Front,0,No,1,Non-Junction,1,Not an Intersection,0,,1,On Roadway,1,Daylight,1,Clear,0,No Additional Atmospheric Conditions,1,Clear,0,No,0000000,Not Applicable,15,3:00pm-3:59pm,56,56,15,3:00pm-3:59pm,56,56,99,Unknown,99,Unknown EMS Hospital Arrival Time,0,,0,,0,,1,1
41,Oregon,410239,1,1,0,1,1,1,1,51,MULTNOMAH (51),1650,PORTLAND,15,15,5,May,2018,3,Tuesday,8,8:00am-8:59am,4,4,0,This section IS NOT on the NHS,6,Local Street - Municipality,NW NICOLAI ST,,2,Urban,5,Major Collector,4,City or Municipal Highway Agency,0,,45.53918611,45.53918611,-122.7084667,-122.70846667,0,No Special Jurisdiction,9,Pedalcyclist,0,Not a Collision with Motor Vehicle In-Transport,0,No,8,Driveway Access Related,1,Not an Intersection,0,,1,On Roadway,1,Daylight,98,Not Reported,0,No Additional Atmospheric Conditions,98,Not Reported,0,No,0000000,Not Applicable,8,8:00am-8:59am,4,4,8,8:00am-8:59am,5,5,8,8:00am-8:59am,27,27,0,,0,,0,,1,0
41,Oregon,410240,2,2,0,0,3,3,0,41,LINCOLN (41),1500,NEWPORT,20,20,5,May,2018,1,Sunday,15,3:00pm-3:59pm,45,45,1,This section IS ON the NHS,2,U.S. Highway,US-101 ODOT 9,,2,Urban,3,Principal Arterial - Other,1,State Highway Agency,1450,1450,44.57534167,44.57534167,-124.066125,-124.066125,0,No Special Jurisdiction,12,Motor Vehicle In-Transport,2,Front-to-Front,0,No,1,Non-Junction,1,Not an Intersection,0,,1,On Roadway,1,Daylight,1,Clear,0,No Additional Atmospheric Conditions,1,Clear,0,No,0000000,Not Applicable,15,3:00pm-3:59pm,50,50,15,3:00pm-3:59pm,58,58,16,4:00pm-4:59pm,15,15,0,,0,,0,,1,0
41,Oregon,410241,3,3,0,0,5,5,0,47,MARION (47),0,NOT APPLICABLE,7,7,6,June,2018,5,Thursday,14,2:00pm-2:59pm,51,51,0,This section IS NOT on the NHS,4,County Road,CR-MCKAY RD NE,,1,Rural,4,Minor Arterial,2,County Highway Agency,35,35,45.23828056,45.23828056,-122.9195694,-122.91956944,0,No Special Jurisdiction,12,Motor Vehicle In-Transport,1,Front-to-Rear,0,No,1,Non-Junction,1,Not an Intersection,0,,1,On Roadway,1,Daylight,1,Clear,0,No Additional Atmospheric Conditions,1,Clear,0,No,0000000,Not Applicable,14,2:00pm-2:59pm,51,51,15,3:00pm-3:59pm,17,17,99,Unknown,99,Unknown EMS Hospital Arrival Time,0,,0,,0,,3,0
41,Oregon,410242,2,2,0,0,3,3,0,41,LINCOLN (41),0,NOT APPLICABLE,9,9,6,June,2018,7,Saturday,9,9:00am-9:59am,23,23,1,This section IS ON the NHS,2,U.S. Highway,US-101 ODOT 9,,1,Rural,3,Principal Arterial - Other,1,State Highway Agency,1320,1320,44.74739444,44.74739444,-124.0514917,-124.05149167,0,No Special Jurisdiction,12,Motor Vehicle In-Transport,2,Front-to-Front,0,No,1,Non-Junction,1,Not an Intersection,0,,1,On Roadway,1,Daylight,2,Rain,0,No Additional Atmospheric Conditions,2,Rain,0,No,0000000,Not Applicable,9,9:00am-9:59am,25,25,10,10:00am-10:59am,0,0,10,10:00am-10:59am,19,19,0,,0,,0,,2,0
41,Oregon,410243,2,2,0,0,2,2,0,47,MARION (47),0,NOT APPLICABLE,17,17,7,July,2018,3,Tuesday,14,2:00pm-2:59pm,23,23,0,This section IS NOT on the NHS,4,County Road,CR-RIVER RD S,,1,Rural,4,Minor Arterial,2,County Highway Agency,36,36,44.85139167,44.85139167,-123.1481472,-123.14814722,0,No Special Jurisdiction,12,Motor Vehicle In-Transport,2,Front-to-Front,0,No,1,Non-Junction,1,Not an Intersection,0,,1,On Roadway,1,Daylight,1,Clear,0,No Additional Atmospheric Conditions,1,Clear,0,No,0000000,Not Applicable,14,2:00pm-2:59pm,24,24,14,2:00pm-2:59pm,36,36,88,Not Applicable (Not Transported),88,Not Applicable (Not Transported),0,,0,,0,,1,0
41,Oregon,410245,1,1,0,0,1,1,0,19,DOUGLAS (19),0,NOT APPLICABLE,14,14,8,August,2018,3,Tuesday,15,3:00pm-3:59pm,25,25,1,This section IS ON the NHS,3,State Highway,SR-38 ODOT 45,,1,Rural,3,Principal Arterial - Other,1,State Highway Agency,195,195,43.66853889,43.66853889,-123.7912389,-123.79123889,0,No Special Jurisdiction,1,Rollover/Overturn,0,Not a Collision with Motor Vehicle In-Transport,0,No,1,Non-Junction,1,Not an Intersection,0,,1,On Roadway,1,Daylight,1,Clear,0,No Additional Atmospheric Conditions,1,Clear,0,No,0000000,Not Applicable,15,3:00pm-3:59pm,30,30,15,3:00pm-3:59pm,54,54,88,Not Applicable (Not Transported),88,Not Applicable (Not Transported),0,,0,,0,,1,0
41,Oregon,410246,2,2,0,0,2,2,0,25,HARNEY (25),0,NOT APPLICABLE,14,14,8,August,2018,3,Tuesday,15,3:00pm-3:59pm,25,25,0,This section IS NOT on the NHS,3,State Highway,SR-205 ODOT 440,CR-HOTCHKISS LN,1,Rural,4,Minor Arterial,1,State Highway Agency,20,20,43.55653611,43.55653611,-119.0201917,-119.02019167,0,No Special Jurisdiction,12,Motor Vehicle In-Transport,7,Sideswipe - Same Direction,0,No,2,Intersection,3,T-Intersection,0,,1,On Roadway,1,Daylight,1,Clear,0,No Additional Atmospheric Conditions,1,Clear,0,No,0000000,Not Applicable,15,3:00pm-3:59pm,25,25,15,3:00pm-3:59pm,34,34,15,3:00pm-3:59pm,50,50,0,,0,,0,,1,0
41,Oregon,410247,1,1,0,1,1,1,1,9,COLUMBIA (9),1790,ST HELENS,30,30,8,August,2018,5,Thursday,5,5:00am-5:59am,40,40,1,This section IS ON the NHS,2,U.S. Highway,US-30 ODOT 92,,2,Urban,3,Principal Arterial - Other,1,State Highway Agency,281,281,45.85406944,45.85406944,-122.8261528,-122.82615278,0,No Special Jurisdiction,9,Pedalcyclist,0,Not a Collision with Motor Vehicle In-Transport,0,No,1,Non-Junction,1,Not an Intersection,0,,4,On Roadside,2,Dark - Not Lighted,1,Clear,0,No Additional Atmospheric Conditions,1,Clear,0,No,0000000,Not Applicable,5,5:00am-5:59am,40,40,5,5:00am-5:59am,46,46,6,6:00am-6:59am,32,32,0,,0,,0,,1,0
41,Oregon,410248,1,1,0,0,1,1,0,1,BAKER (1),0,NOT APPLICABLE,8,8,9,September,2018,7,Saturday,13,1:00pm-1:59pm,30,30,1,This section IS ON the NHS,3,State Highway,SR-26 ODOT 5,,1,Rural,3,Principal Arterial - Other,1,State Highway Agency,1998,1998,44.547225,44.547225,-118.3468306,-118.34683056,0,No Special Jurisdiction,35,Embankment,0,Not a Collision with Motor Vehicle In-Transport,0,No,1,Non-Junction,1,Not an Intersection,0,,4,On Roadside,1,Daylight,1,Clear,0,No Additional Atmospheric Conditions,1,Clear,0,No,0000000,Not Applicable,13,1:00pm-1:59pm,56,56,14,2:00pm-2:59pm,30,30,88,Not Applicable (Not Transported),88,Not Applicable (Not Transported),0,,0,,0,,1,0