STATE,STATENAME,ST_CASE,VE_TOTAL,VE_FORMS,PVH_INVL,PEDS,PERSONS,PERMVIT,PERNOTMVIT,COUNTY,COUNTYNAME,CITY,CITYNAME,DAY,DAYNAME,MONTH,MONTHNAME,YEAR,DAY_WEEK,DAY_WEEKNAME,HOUR,HOURNAME,MINUTE,MINUTENAME,NHS,NHSNAME,ROUTE,ROUTENAME,TWAY_ID,TWAY_ID2,RUR_URB,RUR_URBNAME,FUNC_SYS,FUNC_SYSNAME,RD_OWNER,RD_OWNERNAME,MILEPT,MILEPTNAME,LATITUDE,LATITUDENAME,LONGITUD,LONGITUDNAME,SP_JUR,SP_JURNAME,HARM_EV,HARM_EVNAME,MAN_COLL,MAN_COLLNAME,RELJCT1,RELJCT1NAME,RELJCT2,RELJCT2NAME,TYP_INT,TYP_INTNAME,WRK_ZONE,WRK_ZONENAME,REL_ROAD,REL_ROADNAME,LGT_COND,LGT_CONDNAME,WEATHER1,WEATHER1NAME,WEATHER2,WEATHER2NAME,WEATHER,WEATHERNAME,SCH_BUS,SCH_BUSNAME,RAIL,RAILNAME,NOT_HOUR,NOT_HOURNAME,NOT_MIN,NOT_MINNAME,ARR_HOUR,ARR_HOURNAME,ARR_MIN,ARR_MINNAME,HOSP_HR,HOSP_HRNAME,HOSP_MN,HOSP_MNNAME,CF1,CF1NAME,CF2,CF2NAME,CF3,CF3NAME,FATALS,DRUNK_DR
41,Oregon,410351,1,1,0,0,1,1,0,43,LINN (43),2030,SWEET HOME,15,15,5,May,2018,3,Tuesday,6,6:00am-6:59am,19,19,0,This section IS NOT on the NHS,6,Local Street - Municipality,AMES CREEK RD,MOUNTAIN VIEW RD,2,Urban,5,Major Collector,4,City or Municipal Highway Agency,0,,44.39165556,44.39165556,-122.7199583,-122.71995833,0,No Special Jurisdiction,1,Rollover/Overturn,0,Not a Collision with Motor Vehicle In-Transport,0,No,3,Intersection-Related,2,Four-Way Intersection,0,,4,On Roadside,1,Daylight,98,Not Reported,0,No Additional Atmospheric Conditions,98,Not Reported,0,No,0000000,Not Applicable,6,6:00am-6:59am,16,16,6,6:00am-6:59am,23,23,88,Not Applicable (Not Transported),88,Not Applicable (Not Transported),0,,0,,0,,1,0
41,Oregon,410352,2,2,0,0,2,2,0,51,MULTNOMAH (51),1650,PORTLAND,2,2,10,October,2018,3,Tuesday,22,10:00pm-10:59pm,46,46,1,This section IS ON the NHS,1,Interstate,I-5,,2,Urban,3,Principal Arterial - Other,1,State Highway Agency,3081,3081,45.61493611,45.61493611,-122.6773361,-122.67733611,0,No Special Jurisdiction,12,Motor Vehicle In-Transport,1,Front-to-Rear,0,No,1,Non-Junction,1,Not an Intersection,1,Construction,1,On Roadway,3,Dark - Lighted,1,Clear,0,No Additional Atmospheric Conditions,1,Clear,0,No,0000000,Not Applicable,99,Unknown,99,Unknown,99,Unknown EMS Scene Arrival Hour,99,Unknown EMS Scene Arrival Minutes,99,Unknown,99,Unknown EMS Hospital Arrival Time,0,,0,,0,,1,1
41,Oregon,410353,1,1,0,0,5,5,0,19,DOUGLAS (19),0,NOT APPLICABLE,29,29,5,May,2018,3,Tuesday,23,11:00pm-11:59pm,40,40,0,This section IS NOT on the NHS,4,County Road,CR-S DEER CREEK RD,,1,Rural,5,Major Collector,2,County Highway Agency,0,,43.17053333,43.17053333,-123.2469056,-123.24690556,0,No Special Jurisdiction,42,Tree (Standing Only),0,Not a Collision with Motor Vehicle In-Transport,0,No,1,Non-Junction,1,Not an Intersection,0,,4,On Roadside,2,Dark - Not Lighted,98,Not Reported,0,No Additional Atmospheric Conditions,98,Not Reported,0,No,0000000,Not Applicable,23,11:00pm-11:59pm,40,40,23,11:00pm-11:59pm,48,48,99,Unknown,99,Unknown EMS Hospital Arrival Time,0,,0,,0,,2,0
41,Oregon,410354,1,1,0,0,2,2,0,19,DOUGLAS (19),0,NOT APPLICABLE,13,13,6,June,2018,4,Wednesday,16,4:00pm-4:59pm,0,0,0,This section IS NOT on the NHS,3,State Highway,SR-138 ODOT 138,,1,Rural,4,Minor Arterial,1,State Highway Agency,440,440,43.30313333,43.30313333,-122.6686278,-122.66862778,0,No Special Jurisdiction,42,Tree (Standing Only),0,Not a Collision with Motor Vehicle In-Transport,0,No,1,Non-Junction,1,Not an Intersection,0,,4,On Roadside,1,Daylight,98,Not Reported,0,No Additional Atmospheric Conditions,98,Not Reported,0,No,0000000,Not Applicable,99,Unknown,99,Unknown,99,Unknown EMS Scene Arrival Hour,99,Unknown EMS Scene Arrival Minutes,88,Not Applicable (Not Transported),88,Not Applicable (Not Transported),0,,0,,0,,2,0
41,Oregon,410355,1,1,0,0,5,5,0,5,CLACKAMAS (5),0,NOT APPLICABLE,15,15,6,June,2018,6,Friday,17,5:00pm-5:59pm,21,21,0,This section IS NOT on the NHS,4,County Road,CR-HORSE CREEK RD,,1,Rural,7,Local,2,County Highway Agency,0,,44.95975833,44.95975833,-122.4337778,-122.43377778,0,No Special Jurisdiction,1,Rollover/Overturn,0,Not a Collision with Motor Vehicle In-Transport,0,No,1,Non-Junction,1,Not an Intersection,0,,4,On Roadside,1,Daylight,1,Clear,0,No Additional Atmospheric Conditions,1,Clear,0,No,0000000,Not Applicable,17,5:00pm-5:59pm,25,25,18,6:00pm-6:59pm,5,5,18,6:00pm-6:59pm,27,27,0,,0,,0,,1,1
41,Oregon,410356,2,2,0,0,2,2,0,67,WASHINGTON (67),180,BEAVERTON,20,20,6,June,2018,4,Wednesday,8,8:00am-8:59am,31,31,1,This section IS ON the NHS,6,Local Street - Municipality,SW MURRAY BLVD,SW WALKER RD,2,Urban,3,Principal Arterial - Other,4,City or Municipal Highway Agency,0,,45.51061389,45.51061389,-122.8221972,-122.82219722,0,No Special Jurisdiction,12,Motor Vehicle In-Transport,6,Angle,0,No,2,Intersection,2,Four-Way Intersection,0,,1,On Roadway,1,Daylight,1,Clear,0,No Additional Atmospheric Conditions,1,Clear,0,No,0000000,Not Applicable,8,8:00am-8:59am,31,31,8,8:00am-8:59am,34,34,99,Unknown,99,Unknown EMS Hospital Arrival Time,0,,0,,0,,1,0
41,Oregon,410357,1,1,0,0,2,2,0,25,HARNEY (25),0,NOT APPLICABLE,28,28,6,June,2018,5,Thursday,12,12:00pm-12:59pm,10,10,0,This section IS NOT on the NHS,3,State Highway,SR-78 ODOT 442,,1,Rural,4,Minor Arterial,1,State Highway Agency,210,210,43.43908889,43.43908889,-118.7210778,-118.72107778,0,No Special Jurisdiction,1,Rollover/Overturn,0,Not a Collision with Motor Vehicle In-Transport,0,No,1,Non-Junction,1,Not an Intersection,0,,4,On Roadside,1,Daylight,98,Not Reported,0,No Additional Atmospheric Conditions,98,Not Reported,0,No,0000000,Not Applicable,12,12:00pm-12:59pm,10,10,12,12:00pm-12:59pm,28,28,99,Unknown,99,Unknown EMS Hospital Arrival Time,0,,0,,0,,1,0
41,Oregon,410358,1,1,0,1,1,1,1,39,LANE (39),660,EUGENE,30,30,6,June,2018,7,Saturday,12,12:00pm-12:59pm,40,40,0,This section IS NOT on the NHS,6,Local Street - Municipality,DIVISION AVE,,2,Urban,5,Major Collector,4,City or Municipal Highway Agency,0,,44.09843333,44.09843333,-123.1240472,-123.12404722,0,No Special Jurisdiction,15,Non-Motorist on Personal Conveyance,0,Not a Collision with Motor Vehicle In-Transport,0,No,8,Driveway Access Related,1,Not an Intersection,0,,1,On Roadway,1,Daylight,1,Clear,0,No Additional Atmospheric Conditions,1,Clear,0,No,0000000,Not Applicable,12,12:00pm-12:59pm,40,40,12,12:00pm-12:59pm,47,47,99,Unknown,99,Unknown EMS Hospital Arrival Time,0,,0,,0,,1,0
41,Oregon,410359,1,1,0,0,1,1,0,29,JACKSON (29),0,NOT APPLICABLE,1,1,7,July,2018,1,Sunday,2,2:00am-2:59am,0,0,0,This section IS NOT on the NHS,4,County Road,CR-TABLE ROCK RD,,1,Rural,5,Major Collector,2,County Highway Agency,74,74,42.45125556,42.45125556,-122.8998111,-122.89981111,0,No Special Jurisdiction,1,Rollover/Overturn,0,Not a Collision with Motor Vehicle In-Transport,0,No,1,Non-Junction,1,Not an Intersection,0,,4,On Roadside,2,Dark - Not Lighted,1,Clear,0,No Additional Atmospheric Conditions,1,Clear,0,No,0000000,Not Applicable,2,2:00am-2:59am,5,5,2,2:00am-2:59am,15,15,88,Not Applicable (Not Transported),88,Not Applicable (Not Transported),0,,0,,0,,1,0
41,Oregon,410360,1,1,0,1,2,2,1,17,DESCHUTES (17),190,BEND,3,3,7,July,2018,3,Tuesday,22,10:00pm-10:59pm,58,58,1,This section IS ON the NHS,2,U.S. Highway,US-97 ODOT 4,,2,Urban,3,Principal Arterial - Other,1,State Highway Agency,1400,1400,44.02851111,44.02851111,-121.3161722,-121.31617222,0,No Special Jurisdiction,8,Pedestrian,0,Not a Collision with Motor Vehicle In-Transport,0,No,1,Non-Junction,1,Not an Intersection,0,,1,On Roadway,2,Dark - Not Lighted,10,Cloudy,0,No Additional Atmospheric Conditions,10,Cloudy,0,No,0000000,Not Applicable,99,Unknown,99,Unknown,99,Unknown EMS Scene Arrival Hour,99,Unknown EMS Scene Arrival Minutes,88,Not Applicable (Not Transported),88,Not Applicable (Not Transported),0,,0,,0,,1,0
41,Oregon,410361,2,2,0,0,2,2,0,51,MULTNOMAH (51),880,GRESHAM,6,6,7,July,2018,6,Friday,15,3:00pm-3:59pm,17,17,0,This section IS NOT on the NHS,6,Local Street - Municipality,SE ORIENT DR,,2,Urban,4,Minor Arterial,4,City or Municipal Highway Agency,0,,45.48447222,45.48447222,-122.3953111,-122.39531111,0,No Special Jurisdiction,12,Motor Vehicle In-Transport,2,Front-to-Front,0,No,8,Driveway Access Related,1,Not an Intersection,0,,1,On Roadway,1,Daylight,1,Clear,0,No Additional Atmospheric Conditions,1,Clear,0,No,0000000,Not Applicable,15,3:00pm-3:59pm,16,16,15,3:00pm-3:59pm,21,21,88,Not Applicable (Not Transported),88,Not Applicable (Not Transported),0,,0,,0,,1,0
41,Oregon,410362,1,1,0,0,4,4,0,5,CLACKAMAS (5),0,NOT APPLICABLE,10,10,7,July,2018,3,Tuesday,5,5:00am-5:59am,0,0,0,This section IS NOT on the NHS,4,County Road,CR-S DRYLAND RD,,1,Rural,5,Major Collector,2,County Highway Agency,39,39,45.191375,45.191375,-122.6611556,-122.66115556,0,No Special Jurisdiction,1,Rollover/Overturn,0,Not a Collision with Motor Vehicle In-Transport,0,No,1,Non-Junction,1,Not an Intersection,0,,4,On Roadside,2,Dark - Not Lighted,10,Cloudy,0,No Additional Atmospheric Conditions,10,Cloudy,0,No,0000000,Not Applicable,5,5:00am-5:59am,7,7,99,Unknown EMS Scene Arrival Hour,99,Unknown EMS Scene Arrival Minutes,99,Unknown,99,Unknown EMS Hospital Arrival Time,0,,0,,0,,3,1
41,Oregon,410363,2,2,0,0,2,2,0,51,MULTNOMAH (51),880,GRESHAM,11,11,7,July,2018,4,Wednesday,17,5:00pm-5:59pm,50,50,1,This section IS ON the NHS,6,Local Street - Municipality,NW BURNSIDE RD,SE 212TH AVE,2,Urban,3,Principal Arterial - Other,4,City or Municipal Highway Agency,0,,45.51267222,45.51267222,-122.4448556,-122.44485556,0,No Special Jurisdiction,12,Motor Vehicle In-Transport,6,Angle,0,No,2,Intersection,2,Four-Way Intersection,0,,1,On Roadway,1,Daylight,1,Clear,0,No Additional Atmospheric Conditions,1,Clear,0,No,0000000,Not Applicable,99,Unknown,99,Unknown,99,Unknown EMS Scene Arrival Hour,99,Unknown EMS Scene Arrival Minutes,88,Not Applicable (Not Transported),88,Not Applicable (Not Transported),0,,0,,0,,1,0
41,Oregon,410364,2,2,0,0,2,2,0,43,LINN (43),0,NOT APPLICABLE,31,31,7,July,2018,3,Tuesday,21,9:00pm-9:59pm,56,56,0,This section IS NOT on the NHS,4,County Road,CR-STAYTON SCIO RD,,1,Rural,4,Minor Arterial,2,County Highway Agency,73,73,44.77099167,44.77099167,-122.8096472,-122.80964722,0,No Special Jurisdiction,12,Motor Vehicle In-Transport,2,Front-to-Front,0,No,8,Driveway Access Related,1,Not an Intersection,0,,1,On Roadway,6,Dark - Unknown Lighting,1,Clear,0,No Additional Atmospheric Conditions,1,Clear,0,No,0000000,Not Applicable,21,9:00pm-9:59pm,56,56,22,10:00pm-10:59pm,3,3,99,Unknown,99,Unknown EMS Hospital Arrival Time,0,,0,,0,,1,0
41,Oregon,410365,1,1,0,0,1,1,0,17,DESCHUTES (17),0,NOT APPLICABLE,6,6,8,August,2018,2,Monday,3,3:00am-3:59am,47,47,0,This section IS NOT on the NHS,4,County Road,CR-DESCHUTES MARKET RD,,1,Rural,5,Major Collector,2,County Highway Agency,99999,Unknown,44.12863333,44.12863333,-121.2535944,-121.25359444,0,No Special Jurisdiction,42,Tree (Standing Only),0,Not a Collision with Motor Vehicle In-Transport,0,No,1,Non-Junction,1,Not an Intersection,0,,4,On Roadside,2,Dark - Not Lighted,98,Not Reported,0,No Additional Atmospheric Conditions,98,Not Reported,0,No,0000000,Not Applicable,99,Unknown,99,Unknown,99,Unknown EMS Scene Arrival Hour,99,Unknown EMS Scene Arrival Minutes,88,Not Applicable (Not Transported),88,Not Applicable (Not Transported),0,,0,,0,,1,0
41,Oregon,410366,1,1,0,2,1,1,2,33,JOSEPHINE (33),0,NOT APPLICABLE,2,2,6,June,2018,7,Saturday,1,1:00am-1:59am,50,50,1,This section IS ON the NHS,2,U.S. Highway,US-199 ODOT 25,,1,Rural,3,Principal Arterial - Other,1,State Highway Agency,330,330,42.11084167,42.11084167,-123.6771361,-123.67713611,0,No Special Jurisdiction,8,Pedestrian,0,Not a Collision with Motor Vehicle In-Transport,0,No,1,Non-Junction,1,Not an Intersection,0,,1,On Roadway,2,Dark - Not Lighted,98,Not Reported,0,No Additional Atmospheric Conditions,98,Not Reported,0,No,0000000,Not Applicable,1,1:00am-1:59am,53,53,2,2:00am-2:59am,5,5,99,Unknown,99,Unknown EMS Hospital Arrival Time,0,,0,,0,,1,0
41,Oregon,410367,2,2,0,0,3,3,0,51,MULTNOMAH (51),0,NOT APPLICABLE,5,5,6,June,2018,3,Tuesday,14,2:00pm-2:59pm,30,30,0,This section IS NOT on the NHS,4,County Road,CR-SE DODGE PARK BLVD,CR-SE 302ND AVE,2,Urban,5,Major Collector,2,County Highway Agency,0,,45.47053611,45.47053611,-122.3510167,-122.35101667,0,No Special Jurisdiction,12,Motor Vehicle In-Transport,6,Angle,0,No,2,Intersection,2,Four-Way Intersection,0,,1,On Roadway,1,Daylight,1,Clear,0,No Additional Atmospheric Conditions,1,Clear,0,No,0000000,Not Applicable,14,2:00pm-2:59pm,34,34,14,2:00pm-2:59pm,42,42,88,Not Applicable (Not Transported),88,Not Applicable (Not Transported),0,,0,,0,,2,0
41,Oregon,410368,1,1,0,1,1,1,1,59,UMATILLA (59),0,NOT APPLICABLE,8,8,6,June,2018,6,Friday,7,7:00am-7:59am,54,54,0,This section IS NOT on the NHS,3,State Highway,SR-331 ODOT 331,,1,Rural,4,Minor Arterial,1,State Highway Agency,39,39,45.6464,45.6464,-118.6840556,-118.68405556,3,Indian Reservation,9,Pedalcyclist,0,Not a Collision with Motor Vehicle In-Transport,0,No,1,Non-Junction,1,Not an Intersection,0,,1,On Roadway,1,Daylight,1,Clear,0,No Additional Atmospheric Conditions,1,Clear,0,No,0000000,Not Applicable,7,7:00am-7:59am,56,56,8,8:00am-8:59am,1,1,88,Not Applicable (Not Transported),88,Not Applicable (Not Transported),0,,0,,0,,1,0
41,Oregon,410369,1,1,0,1,1,1,1,19,DOUGLAS (19),1780,ROSEBURG,14,14,7,July,2018,7,Saturday,9,9:00am-9:59am,37,37,0,This section IS NOT on the NHS,6,Local Street - Municipality,NW STEWART PARKWAY,NW HARVEY ST,2,Urban,4,Minor Arterial,4,City or Municipal Highway Agency,0,,43.22168333,43.22168333,-123.3758833,-123.37588333,0,No Special Jurisdiction,8,Pedestrian,0,Not a Collision with Motor Vehicle In-Transport,0,No,3,Intersection-Related,2,Four-Way Intersection,0,,1,On Roadway,1,Daylight,1,Clear,0,No Additional Atmospheric Conditions,1,Clear,0,No,0000000,Not Applicable,99,Unknown,99,Unknown,99,Unknown EMS Scene Arrival Hour,99,Unknown EMS Scene Arrival Minutes,99,Unknown,99,Unknown EMS Hospital Arrival Time,0,,0,,0,,1,0
41,Oregon,410370,1,1,0,0,1,1,0,43,LINN (43),0,NOT APPLICABLE,21,21,7,July,2018,7,Saturday,18,6:00pm-6:59pm,51,51,0,This section IS NOT on the NHS,4,County Road,CR-GAP RD,,1,Rural,5,Major Collector,2,County Highway Agency,63,63,44.31352778,44.31352778,-122.9914417,-122.99144167,0,No Special Jurisdiction,32,Culvert,0,Not a Collision with Motor Vehicle In-Transport,0,No,1,Non-Junction,1,Not an Intersection,0,,4,On Roadside,1,Daylight,1,Clear,0,No Additional Atmospheric Conditions,1,Clear,0,No,0000000,Not Applicable,18,6:00pm-6:59pm,51,51,19,7:00pm-7:59pm,0,0,88,Not Applicable (Not Transported),88,Not Applicable (Not Transported),0,,0,,0,,1,1
41,Oregon,410371,1,1,0,0,1,1,0,19,DOUGLAS (19),0,NOT APPLICABLE,22,22,7,July,2018,1,Sunday,19,7:00pm-7:59pm,23,23,0,This section IS NOT on the NHS,4,County Road,CR-SOUTH UMPQUA RD,,1,Rural,5,Major Collector,2,County Highway Agency,80,80,42.9867,42.9867,-122.8574389,-122.85743889,0,No Special Jurisdiction,35,Embankment,0,Not a Collision with Motor Vehicle In-Transport,0,No,1,Non-Junction,1,Not an Intersection,0,,4,On Roadside,1,Daylight,1,Clear,0,No Additional Atmospheric Conditions,1,Clear,0,No,0000000,Not Applicable,19,7:00pm-7:59pm,23,23,19,7:00pm-7:59pm,41,41,88,Not Applicable (Not Transported),88,Not Applicable (Not Transported),0,,0,,0,,1,1
41,Oregon,410372,2,2,0,0,3,3,0,51,MULTNOMAH (51),670,FAIRVIEW,26,26,7,July,2018,5,Thursday,23,11:00pm-11:59pm,28,28,0,This section IS NOT on the NHS,6,Local Street - Municipality,NE HALSEY ST,7TH ST,2,Urban,4,Minor Arterial,4,City or Municipal Highway Agency,0,,45.53410833,45.53410833,-122.4399361,-122.43993611,0,No Special Jurisdiction,12,Motor Vehicle In-Transport,6,Angle,0,No,2,Intersection,2,Four-Way Intersection,0,,1,On Roadway,2,Dark - Not Lighted,1,Clear,0,No Additional Atmospheric Conditions,1,Clear,0,No,0000000,Not Applicable,23,11:00pm-11:59pm,28,28,23,11:00pm-11:59pm,33,33,99,Unknown,99,Unknown EMS Hospital Arrival Time,0,,0,,0,,1,0
41,Oregon,410373,1,1,0,0,2,2,0,67,WASHINGTON (67),180,BEAVERTON,28,28,7,July,2018,7,Saturday,2,2:00am-2:59am,50,50,1,This section IS ON the NHS,6,Local Street - Municipality,SW FARMINGTON RD,,2,Urban,3,Principal Arterial - Other,4,City or Municipal Highway Agency,0,,45.48590278,45.48590278,-122.8255528,-122.82555278,0,No Special Jurisdiction,40,Fire Hydrant,0,Not a Collision with Motor Vehicle In-Transport,0,No,1,Non-Junction,1,Not an Intersection,0,,4,On Roadside,2,Dark - Not Lighted,1,Clear,0,No Additional Atmospheric Conditions,1,Clear,0,No,0000000,Not Applicable,99,Unknown,99,Unknown,99,Unknown EMS Scene Arrival Hour,99,Unknown EMS Scene Arrival Minutes,99,Unknown,99,Unknown EMS Hospital Arrival Time,0,,0,,0,,1,1
41,Oregon,410374,2,2,0,0,4,4,0,9,COLUMBIA (9),0,NOT APPLICABLE,15,15,8,August,2018,4,Wednesday,7,7:00am-7:59am,31,31,0,This section IS NOT on the NHS,3,State Highway,SR-47 ODOT 102,CR-TIMBER RD E,1,Rural,4,Minor Arterial,1,State Highway Agency,643,643,45.84086667,45.84086667,-123.2156417,-123.21564167,0,No Special Jurisdiction,12,Motor Vehicle In-Transport,6,Angle,0,No,2,Intersection,3,T-Intersection,0,,1,On Roadway,1,Daylight,1,Clear,0,No Additional Atmospheric Conditions,1,Clear,0,No,0000000,Not Applicable,7,7:00am-7:59am,31,31,7,7:00am-7:59am,45,45,99,Unknown,99,Unknown EMS Hospital Arrival Time,0,,0,,0,,1,0
41,Oregon,410375,2,2,0,0,2,2,0,43,LINN (43),0,NOT APPLICABLE,30,30,7,July,2018,2,Monday,9,9:00am-9:59am,49,49,0,This section IS NOT on the NHS,3,State Highway,SR-20 ODOT 16,CR-KNOX BUTTE RD,1,Rural,4,Minor Arterial,1,State Highway Agency,64,64,44.62989722,44.62989722,-122.9526861,-122.95268611,0,No Special Jurisdiction,12,Motor Vehicle In-Transport,6,Angle,0,No,2,Intersection,3,T-Intersection,0,,1,On Roadway,1,Daylight,1,Clear,0,No Additional Atmospheric Conditions,1,Clear,0,No,0000000,Not Applicable,9,9:00am-9:59am,49,49,10,10:00am-10:59am,0,0,88,Not Applicable (Not Transported),88,Not Applicable (Not Transported),0,,0,,0,,1,0
41,Oregon,410376,1,1,0,1,1,1,1,51,MULTNOMAH (51),880,GRESHAM,8,8,8,August,2018,4,Wednesday,21,9:00pm-9:59pm,45,45,1,This section IS ON the NHS,6,Local Street - Municipality,SE 182ND AVE,,2,Urban,3,Principal Arterial - Other,4,City or Municipal Highway Agency,0,,45.4995,45.4995,-122.4756472,-122.47564722,0,No Special Jurisdiction,8,Pedestrian,0,Not a Collision with Motor Vehicle In-Transport,0,No,1,Non-Junction,1,Not an Intersection,0,,1,On Roadway,2,Dark - Not Lighted,98,Not Reported,0,No Additional Atmospheric Conditions,98,Not Reported,0,No,0000000,Not Applicable,21,9:00pm-9:59pm,45,45,21,9:00pm-9:59pm,47,47,88,Not Applicable (Not Transported),88,Not Applicable (Not Transported),0,,0,,0,,1,0
41,Oregon,410377,3,3,0,0,8,8,0,35,KLAMATH (35),1170,KLAMATH FALLS,9,9,8,August,2018,5,Thursday,22,10:00pm-10:59pm,8,8,0,This section IS NOT on the NHS,6,Local Street - Municipality,S 6TH ST,,2,Urban,4,Minor Arterial,4,City or Municipal Highway Agency,0,,42.21534167,42.21534167,-121.7650444,-121.76504444,0,No Special Jurisdiction,12,Motor Vehicle In-Transport,6,Angle,0,No,8,Driveway Access Related,1,Not an Intersection,0,,1,On Roadway,2,Dark - Not Lighted,5,"Fog, Smog, Smoke",0,No Additional Atmospheric Conditions,5,"Fog, Smog, Smoke",0,No,0000000,Not Applicable,22,10:00pm-10:59pm,8,8,22,10:00pm-10:59pm,12,12,99,Unknown,99,Unknown EMS Hospital Arrival Time,0,,0,,0,,1,2
41,Oregon,410378,3,3,0,0,8,8,0,43,LINN (43),0,NOT APPLICABLE,11,11,8,August,2018,7,Saturday,9,9:00am-9:59am,0,0,1,This section IS ON the NHS,3,State Highway,SR-22 ODOT 162,,1,Rural,3,Principal Arterial - Other,1,State Highway Agency,710,710,44.565275,44.565275,-122.0000139,-122.00001389,0,No Special Jurisdiction,12,Motor Vehicle In-Transport,8,Sideswipe - Opposite Direction,0,No,1,Non-Junction,1,Not an Intersection,0,,1,On Roadway,1,Daylight,1,Clear,0,No Additional Atmospheric Conditions,1,Clear,0,No,0000000,Not Applicable,9,9:00am-9:59am,16,16,9,9:00am-9:59am,33,33,88,Not Applicable (Not Transported),88,Not Applicable (Not Transported),0,,0,,0,,1,0
41,Oregon,410379,1,1,0,0,2,2,0,71,YAMHILL (71),490,DAYTON,18,18,8,August,2018,7,Saturday,99,Unknown Hours,99,Unknown Minutes,0,This section IS NOT on the NHS,3,State Highway,SR-221 ODOT 150,,2,Urban,4,Minor Arterial,1,State Highway Agency,1,1,45.22404722,45.22404722,-123.0791,-123.0791,0,No Special Jurisdiction,5,Fell/Jumped from Vehicle,0,Not a Collision with Motor Vehicle In-Transport,0,No,1,Non-Junction,1,Not an Intersection,0,,1,On Roadway,8,Not Reported,98,Not Reported,0,No Additional Atmospheric Conditions,98,Not Reported,0,No,0000000,Not Applicable,99,Unknown,99,Unknown,99,Unknown EMS Scene Arrival Hour,99,Unknown EMS Scene Arrival Minutes,88,Not Applicable (Not Transported),88,Not Applicable (Not Transported),0,,0,,0,,1,1
41,Oregon,410380,2,2,0,0,2,2,0,67,WASHINGTON (67),1000,HILLSBORO,21,21,8,August,2018,3,Tuesday,20,8:00pm-8:59pm,22,22,0,This section IS NOT on the NHS,6,Local Street - Municipality,SW CORNELIUS PASS RD,SE FRANCES ST,2,Urban,4,Minor Arterial,4,City or Municipal Highway Agency,0,,45.50868333,45.50868333,-122.9020722,-122.90207222,0,No Special Jurisdiction,12,Motor Vehicle In-Transport,6,Angle,0,No,2,Intersection,2,Four-Way Intersection,0,,1,On Roadway,1,Daylight,1,Clear,0,No Additional Atmospheric Conditions,1,Clear,0,No,0000000,Not Applicable,20,8:00pm-8:59pm,22,22,20,8:00pm-8:59pm,25,25,99,Unknown,99,Unknown EMS Hospital Arrival Time,0,,0,,0,,1,0
41,Oregon,410381,1,1,0,0,2,2,0,51,MULTNOMAH (51),2090,TROUTDALE,24,24,8,August,2018,6,Friday,4,4:00am-4:59am,0,0,0,This section IS NOT on the NHS,3,State Highway,SR-100 ODOT 17,,2,Urban,5,Major Collector,1,State Highway Agency,3,3,45.53548056,45.53548056,-122.37195,-122.37195,0,No Special Jurisdiction,1,Rollover/Overturn,0,Not a Collision with Motor Vehicle In-Transport,0,No,1,Non-Junction,1,Not an Intersection,0,,4,On Roadside,2,Dark - Not Lighted,1,Clear,0,No Additional Atmospheric Conditions,1,Clear,0,No,0000000,Not Applicable,99,Unknown,99,Unknown,99,Unknown EMS Scene Arrival Hour,99,Unknown EMS Scene Arrival Minutes,88,Not Applicable (Not Transported),88,Not Applicable (Not Transported),0,,0,,0,,1,0
41,Oregon,410382,1,1,0,1,1,1,1,51,MULTNOMAH (51),1650,PORTLAND,25,25,8,August,2018,7,Saturday,22,10:00pm-10:59pm,32,32,0,This section IS NOT on the NHS,6,Local Street - Municipality,NE SANDY BLVD,,2,Urban,3,Principal Arterial - Other,4,City or Municipal Highway Agency,0,,45.526025,45.526025,-122.6451889,-122.64518889,0,No Special Jurisdiction,8,Pedestrian,0,Not a Collision with Motor Vehicle In-Transport,0,No,1,Non-Junction,1,Not an Intersection,0,,1,On Roadway,3,Dark - Lighted,1,Clear,0,No Additional Atmospheric Conditions,1,Clear,0,No,0000000,Not Applicable,99,Unknown,99,Unknown,99,Unknown EMS Scene Arrival Hour,99,Unknown EMS Scene Arrival Minutes,99,Unknown,99,Unknown EMS Hospital Arrival Time,0,,0,,0,,1,0
41,Oregon,410383,1,1,0,0,1,1,0,67,WASHINGTON (67),180,BEAVERTON,1,1,9,September,2018,7,Saturday,2,2:00am-2:59am,25,25,1,This section IS ON the NHS,6,Local Street - Municipality,SW MURRAY BLVD,,2,Urban,3,Principal Arterial - Other,4,City or Municipal Highway Agency,0,,45.46539167,45.46539167,-122.8261111,-122.82611111,0,No Special Jurisdiction,42,Tree (Standing Only),0,Not a Collision with Motor Vehicle In-Transport,0,No,1,Non-Junction,1,Not an Intersection,0,,4,On Roadside,2,Dark - Not Lighted,98,Not Reported,0,No Additional Atmospheric Conditions,98,Not Reported,0,No,0000000,Not Applicable,2,2:00am-2:59am,27,27,2,2:00am-2:59am,35,35,88,Not Applicable (Not Transported),88,Not Applicable (Not Transported),0,,0,,0,,1,0